run_id,aging_light_suns,aging_temperature_C,aging_h,PCE_pct_true,PCE_pct_pred,PCE_pct_std,Voc_V_true,Voc_V_pred,Voc_V_std,Jsc_mAcm2_true,Jsc_mAcm2_pred,Jsc_mAcm2_std,FF_true,FF_pred,FF_std,PCE_retention_pct_true,PCE_retention_pct_pred,PCE_retention_pct_std
arch_baseline_pin__stress_light_0p01sun_temp_300k__Stress_matrix_jv_003_updated,0.01,26.850000000000023,0,22.61538683565649,22.614055831854547,0.09003388827091326,1.2721702981013774,1.2721366343985614,0.0012780123136048377,20.609134086845,20.608160197061448,0.028319839190668075,0.8625792848349613,0.8625479544727508,0.002540693251218179,100.0,99.99411485189513,0.39811184033791297
arch_baseline_pin__stress_light_0p01sun_temp_300k__Stress_matrix_jv_003_updated,0.01,26.850000000000023,50,22.6150803912586,22.608831668864383,0.08215832663967958,1.2721639934035711,1.2719948592006762,0.0011452438786057697,20.609119366641885,20.606465851807517,0.025349087393257155,0.8625724875435572,0.8624706138901957,0.0023196874319631805,99.99864497388386,99.97101458606242,0.3632876868949544
arch_baseline_pin__stress_light_0p01sun_temp_300k__Stress_matrix_jv_003_updated,0.01,26.850000000000023,100,22.61470711588984,22.607109402163786,0.07633316133240226,1.2721563201728747,1.271984333307332,0.0010558096810894563,20.60910145929379,20.606305178837278,0.02386741097452616,0.8625642024257175,0.8624471550997873,0.0021258069764934786,99.99699443670104,99.96339912907655,0.3375302618126383
arch_baseline_pin__stress_light_0p01sun_temp_300k__Stress_matrix_jv_003_updated,0.01,26.850000000000023,200,22.61396086502292,22.604329790490294,0.07544031758900079,1.2721409794046743,1.271963317873295,0.0010348426377753373,20.60906564249228,20.60606865419379,0.023693223862934553,0.8625476394855879,0.8623876277878344,0.002088660070421059,99.99369468829371,99.9511083638657,0.3335823163172858
arch_baseline_pin__stress_light_0p01sun_temp_300k__Stress_matrix_jv_003_updated,0.01,26.850000000000023,300,22.61321461338272,22.601284402495754,0.07543295858228545,1.272125646698964,1.2719347380046606,0.0010317056192379868,20.60902996101216,20.60599987651935,0.023774021466511926,0.8625310648927258,0.8623107306190059,0.0020779081048585848,99.99039493646713,99.9376426494009,0.33354982341467737
arch_baseline_pin__stress_light_0p01sun_temp_300k__Stress_matrix_jv_003_updated,0.01,26.850000000000023,400,22.612468362543044,22.598422358763457,0.07580317826104488,1.2721103212130378,1.2719149571069186,0.0010366860205505038,20.60899414595656,20.60604526314896,0.02393098143180783,0.8625144905326271,0.862239543098144,0.0020824786517438785,99.98709518818026,99.9249878252724,0.33518689372284566
arch_baseline_pin__stress_light_0p01sun_temp_300k__Stress_matrix_jv_003_updated,0.01,26.850000000000023,500,22.61172211092705,22.596109065239755,0.07645837194987946,1.272095003559657,1.271907805779458,0.001047706667616055,20.608958330207702,20.606185716119793,0.024141188830273153,0.8624979103682746,0.8621840458657429,0.002098367510874131,99.98379543646072,99.91475953445388,0.3380840530379172
arch_baseline_pin__stress_light_0p01sun_temp_300k__Stress_matrix_jv_003_updated,0.01,26.850000000000023,600,22.610975859319108,22.594518782847736,0.07740302273666451,1.2720796936481469,1.2719112242984174,0.0010642035108873037,20.60892251445885,20.606411854005664,0.024404357616103375,0.8624813244621463,0.8621475325163721,0.002125062157593519,99.98049568477676,99.90772821981466,0.3422611230316331
arch_baseline_pin__stress_light_0p01sun_temp_300k__Stress_matrix_jv_003_updated,0.01,26.850000000000023,800,22.60948350774667,22.59348191566379,0.08039335931381494,1.2720490961306177,1.2719359573508098,0.001115400147181901,20.60885101687047,20.607099043889942,0.025120926269398606,0.8624481362284695,0.8621274034265876,0.002218232190094822,99.97389685194103,99.90314426208617,0.3554837608917586
arch_baseline_pin__stress_light_0p01sun_temp_300k__Stress_matrix_jv_003_updated,0.01,26.850000000000023,1000,22.60799145873817,22.594628370751384,0.08555601839751494,1.2720185298223674,1.2719660779624982,0.0011963389377779325,20.60877951894825,20.608060557545887,0.02619014319075846,0.8624149364200766,0.8621589814819636,0.002392228484632949,99.9672993569729,99.90821399918661,0.37831177431203505
arch_baseline_pin__stress_light_0p01sun_temp_320k__Stress_matrix_jv_003_updated,0.01,46.85000000000002,0,22.61538687128928,22.615406716904946,0.04699034617198611,1.27217029872079,1.2721763873606016,0.0006428684713758769,20.609133951883017,20.60902101882064,0.01808431740137979,0.8625792914227847,0.8625781586299223,0.0014634458851048003,100.0,100.00008780877096,0.20777607152040464
arch_baseline_pin__stress_light_0p01sun_temp_320k__Stress_matrix_jv_003_updated,0.01,46.85000000000002,50,22.61390609230553,22.613873783747405,0.045132477312541434,1.2721400019303837,1.2721657479063033,0.0006098647897007014,20.60906320916004,20.60923524123194,0.01728221005878767,0.8625463149260557,0.8625378141032085,0.0014020733200422724,99.99345233848013,99.99330943110253,0.19956116473746593
arch_baseline_pin__stress_light_0p01sun_temp_320k__Stress_matrix_jv_003_updated,0.01,46.85000000000002,100,22.61210482554636,22.61054806342557,0.04321646805196279,1.2721030988564554,1.272097436035105,0.0005775862067179306,20.60897706357643,20.608963272185225,0.016537716384169142,0.8625062357820582,0.8624198233825195,0.00132878655601138,99.98548755428506,99.97860390194788,0.1910891302549518
arch_baseline_pin__stress_light_0p01sun_temp_320k__Stress_matrix_jv_003_updated,0.01,46.85000000000002,200,22.60850229192514,22.60374319094605,0.0428587195876429,1.272029427196241,1.2719370419594092,0.0005666552462698321,20.60880450489883,20.60840147791715,0.016462979556986713,0.8624259888938837,0.8622628388046498,0.0013099495249060116,99.96955798544008,99.94851397038906,0.18950722837037048
arch_baseline_pin__stress_light_0p01sun_temp_320k__Stress_matrix_jv_003_updated,0.01,46.85000000000002,300,22.6049002124082,22.59931477511884,0.042664659719155694,1.2719559301903591,1.271822962584826,0.0005609974330762948,20.60863207910347,20.60795069370294,0.016471851486833774,0.8623456238824634,0.8621988633453674,0.0012961608943703857,99.953630424539,99.92893219905028,0.1886490770602451
arch_baseline_pin__stress_light_0p01sun_temp_320k__Stress_matrix_jv_003_updated,0.01,46.85000000000002,400,22.601298582501947,22.59707941944432,0.04265386953382864,1.271882609085604,1.2717573428028097,0.00055958229427168,20.608459654001365,20.60763377411236,0.016506280882478908,0.8622651452773273,0.8621869653730762,0.0012919237489611639,99.93770485171216,99.91904770940431,0.18860132844689026
arch_baseline_pin__stress_light_0p01sun_temp_320k__Stress_matrix_jv_003_updated,0.01,46.85000000000002,500,22.597697255036035,22.596344484808878,0.042762168263749546,1.2718094626214596,1.271721341959964,0.000561406717118159,20.60828709601701,20.607447616405818,0.016559951898794313,0.8621845539204233,0.8622015757143776,0.0012938070526738114,99.92178061620646,99.9157978482687,0.1890801707954548
arch_baseline_pin__stress_light_0p01sun_temp_320k__Stress_matrix_jv_003_updated,0.01,46.85000000000002,600,22.59409653108476,22.596471578713963,0.042986345359211836,1.2717364832048987,1.2716980669245714,0.0005655629770195705,20.608114803103888,20.607386825384324,0.016635070792087602,0.8621038498107899,0.8622276385458784,0.0013009265627806385,99.90585904930263,99.91635977713578,0.19007140705928974
arch_baseline_pin__stress_light_0p01sun_temp_320k__Stress_matrix_jv_003_updated,0.01,46.85000000000002,800,22.58689629022313,22.59746943739651,0.043800405984643506,1.2715910579942924,1.271648951432587,0.0005798360854135496,20.60776981829708,20.607599113793512,0.016869270826118228,0.8619421083058945,0.8622794195734843,0.0013306900782734167,99.87402125275018,99.92077219137269,0.193670945126026
arch_baseline_pin__stress_light_0p01sun_temp_320k__Stress_matrix_jv_003_updated,0.01,46.85000000000002,1000,22.57969770584808,22.597703759316552,0.04550047165846054,1.271446321632783,1.2715665187263963,0.0006075608151751605,20.60742496739961,20.608163135498504,0.01728135390397472,0.8617799118073408,0.8623011659583648,0.0013995726979272437,99.8421907807975,99.92180852448793,0.20118821374347004
arch_baseline_pin__stress_light_0p01sun_temp_340k__Stress_matrix_jv_003_updated,0.01,66.85000000000002,0,22.61538675886709,22.614991382731308,0.039820324543341175,1.272170300437385,1.2721719717223454,0.0005360266886940181,20.609134089618,20.608736922575677,0.016381498816913868,0.8625792802061542,0.8625675096378154,0.0012836219695633467,100.0,99.99825138837535,0.17607406372701198
arch_baseline_pin__stress_light_0p01sun_temp_340k__Stress_matrix_jv_003_updated,0.01,66.85000000000002,50,22.609436793454577,22.60637710028902,0.03907984926392871,1.2720492445703595,1.271996613154655,0.0005218683680156301,20.60885051574017,20.606904401313887,0.015956156611437324,0.8624462746220831,0.8623331141476654,0.00125226267589782,99.97369063162196,99.96016120522651,0.1727998865909614
arch_baseline_pin__stress_light_0p01sun_temp_340k__Stress_matrix_jv_003_updated,0.01,66.85000000000002,100,22.60220365186877,22.598758001380602,0.03790660605711218,1.2719022447563422,1.27176826521295,0.0004991143821879348,20.608504968130404,20.60621935296314,0.015328168206407493,0.8622844664854095,0.862270323358006,0.0012004210252644337,99.94170735553242,99.9264712592732,0.1676121559920384
arch_baseline_pin__stress_light_0p01sun_temp_340k__Stress_matrix_jv_003_updated,0.01,66.85000000000002,200,22.587741878757303,22.592024033435262,0.037591177372240034,1.2716103442431452,1.271548000964925,0.0004897900694837248,20.60781387327029,20.605463675914347,0.015273234287578943,0.8619594608739326,0.8622406904149321,0.0011831593994161749,99.87776074579428,99.89669502842465,0.1662173711619269
arch_baseline_pin__stress_light_0p01sun_temp_340k__Stress_matrix_jv_003_updated,0.01,66.85000000000002,300,22.573285360749143,22.584980590956217,0.037373960083340936,1.2713212064256558,1.2714732567375135,0.00048351863767550913,20.60712304001514,20.604982402028472,0.015273931442722117,0.8616325881755305,0.8620418236714087,0.0011690342530420374,99.81383737290524,99.86555032196172,0.16525684682964037
arch_baseline_pin__stress_light_0p01sun_temp_340k__Stress_matrix_jv_003_updated,0.01,66.85000000000002,400,22.55883455357468,22.574999159713123,0.03731791257491775,1.271034782592059,1.2713935506153875,0.0004812884174913285,20.60643220675998,20.60467557235659,0.01529166320289762,0.8613039106264623,0.8617190882195711,0.0011637727827928303,99.74993925199958,99.82141441084234,0.1650090001044011
arch_baseline_pin__stress_light_0p01sun_temp_340k__Stress_matrix_jv_003_updated,0.01,66.85000000000002,500,22.544388850211256,22.56234105305621,0.0373508740043865,1.270751028625366,1.271259247571227,0.00048149062213131673,20.60574137178446,20.604514753678966,0.015321918255426167,0.8609734359108463,0.8613350391353717,0.001163754251270573,99.68606369896376,99.76544287577494,0.16515473998367444
arch_baseline_pin__stress_light_0p01sun_temp_340k__Stress_matrix_jv_003_updated,0.01,66.85000000000002,600,22.52994810022032,22.547545885865635,0.03744784095403329,1.2704698997726347,1.2710628671636228,0.0004829722422039646,20.605050667945275,20.604480944941706,0.015366508767582748,0.8606411839444951,0.8609216019600339,0.0011674730861175784,99.62221004859326,99.70002182709423,0.16558350222501875
arch_baseline_pin__stress_light_0p01sun_temp_340k__Stress_matrix_jv_003_updated,0.01,66.85000000000002,800,22.5010826701847,22.51353120933438,0.03782129209278583,1.2699153593663313,1.2705169827789011,0.0004901701317420627,20.60366965547287,20.604701296142085,0.01551656060032847,0.8599715050901292,0.8600555921714963,0.0011850968964989556,99.49457380543107,99.54961659859504,0.16723479740240432
arch_baseline_pin__stress_light_0p01sun_temp_340k__Stress_matrix_jv_003_updated,0.01,66.85000000000002,1000,22.47223841492844,22.476107659609738,0.03902083773085662,1.269370851950434,1.2698366313238059,0.0005128364151060572,20.602288901832424,20.605120778253887,0.015815322941107997,0.8592951079414572,0.8591659424294901,0.0012403985304926554,99.36703119223677,99.38413839083199,0.1725389132168175
arch_baseline_pin__stress_light_0p01sun_temp_360k__Stress_matrix_jv_003_updated,0.01,86.85000000000002,0,22.61538687186517,22.616156489231418,0.03951471988172471,1.272170298922689,1.2721663599310746,0.0005386653796314744,20.609134086845,20.60952749788238,0.016375843389169392,0.8625792856591254,0.8625913072549882,0.001268910394923929,100.0,100.00340346948813,0.17472358934112284
arch_baseline_pin__stress_light_0p01sun_temp_360k__Stress_matrix_jv_003_updated,0.01,86.85000000000002,50,22.594873468655702,22.591678873198234,0.03878004618701554,1.271756990513383,1.2714881093348986,0.0005243200976884331,20.608160271708737,20.60887470230454,0.015949124205115878,0.862117690575896,0.8621430933169957,0.0012379147907912765,99.90929448465468,99.89516882915032,0.17147508623433513
arch_baseline_pin__stress_light_0p01sun_temp_360k__Stress_matrix_jv_003_updated,0.01,86.85000000000002,100,22.569962291985288,22.5748107163431,0.037619407624227205,1.2712603128005138,1.271418383103927,0.0005012453935667457,20.606973565873627,20.6067307883742,0.015319129745369368,0.861553260717614,0.8616403063642879,0.0011868248508965316,99.79914303417738,99.82058171129053,0.16634309538034167
arch_baseline_pin__stress_light_0p01sun_temp_360k__Stress_matrix_jv_003_updated,0.01,86.85000000000002,200,22.52017376056969,22.520455416033364,0.037302687387826834,1.27029061084183,1.2708246912677486,0.0004919842530580586,20.604600661134697,20.60270390764272,0.015263970189834384,0.8604080146723925,0.8599478952482741,0.001169467912665413,99.57898968593844,99.58023530750964,0.16494265170820635
arch_baseline_pin__stress_light_0p01sun_temp_360k__Stress_matrix_jv_003_updated,0.01,86.85000000000002,300,22.47042719988569,22.45647055681431,0.037082446307099164,1.269351018472986,1.269853385291484,0.00048581432993650655,20.6022289239381,20.599434876743135,0.015264640283754129,0.8592417773276154,0.8582945149668635,0.0011551025039317725,99.35902192254864,99.29730852248453,0.16396880624853952
arch_baseline_pin__stress_light_0p01sun_temp_360k__Stress_matrix_jv_003_updated,0.01,86.85000000000002,400,22.420722311439057,22.402236229988972,0.03702501504405404,1.268439889352298,1.268779247587195,0.00048363364969707443,20.599857957716864,20.59692973760834,0.015282422177430142,0.8580557045738333,0.8571145014356737,0.001149723544164937,99.13923842413554,99.05749650935067,0.1637148615639865
arch_baseline_pin__stress_light_0p01sun_temp_360k__Stress_matrix_jv_003_updated,0.01,86.85000000000002,500,22.371060711753383,22.355956866228844,0.03705700143105679,1.2675558413223278,1.2677033544137484,0.00048385509124017573,20.597488157985328,20.595013794494477,0.015312784560018628,0.8568508139183917,0.8562058757843669,0.0011496289651123956,98.919646338592,98.85285990425804,0.1638562942824075
arch_baseline_pin__stress_light_0p01sun_temp_360k__Stress_matrix_jv_003_updated,0.01,86.85000000000002,600,22.32144326658267,22.312278433770846,0.0371532820537334,1.2666974351540805,1.2666528350603063,0.00048534988571728564,20.59511939152739,20.593506876729275,0.015357547084542574,0.8556281548487426,0.8553469022673935,0.001153299994039626,98.70024949408148,98.6597241267269,0.16428201780663218
arch_baseline_pin__stress_light_0p01sun_temp_360k__Stress_matrix_jv_003_updated,0.01,86.85000000000002,800,22.222342629868542,22.22295439224112,0.03752317151883224,1.264979321253201,1.2646427125019393,0.0004926453446118214,20.59038469541531,20.59111971287974,0.015508210038462028,0.853182526852904,0.8534506135662369,0.0011707072437207003,98.26204944348932,98.26475392044631,0.16591755337494735
arch_baseline_pin__stress_light_0p01sun_temp_360k__Stress_matrix_jv_003_updated,0.01,86.85000000000002,1000,22.12342368362165,22.129487482262853,0.0387186796652916,1.263033218231832,1.2627476790561567,0.0005152909443159301,20.5856542666663,20.58885329763437,0.015808163895736825,0.8508889605711794,0.8513142949360397,0.001225823905756372,97.82465278603948,97.85146455770935,0.1712037470213149
arch_baseline_pin__stress_light_0p01sun_temp_380k__Stress_matrix_jv_003_updated,0.01,106.85000000000002,0,22.61538684282482,22.611112125334547,0.04660138419972886,1.272170302288654,1.2720892304989189,0.0006389676113493295,20.60913395742902,20.606384062970115,0.016720220859801984,0.8625792876858447,0.8625012715204691,0.0014330935327079306,100.0,99.98109899179977,0.20605780708274452
arch_baseline_pin__stress_light_0p01sun_temp_380k__Stress_matrix_jv_003_updated,0.01,106.85000000000002,50,22.55320383580144,22.566319829139243,0.044763786500526176,1.270941550032343,1.2716294674562922,0.0006061208659699693,20.60619634527329,20.596127790268365,0.015987827805865357,0.8611619517623166,0.8613207577321513,0.001372765952470639,99.72504115248816,99.78303966987671,0.1979326872348044
arch_baseline_pin__stress_light_0p01sun_temp_380k__Stress_matrix_jv_003_updated,0.01,106.85000000000002,100,22.477769834141736,22.4900738414775,0.04286071111065955,1.2695068536617684,1.2703481239589223,0.0005737916785324118,20.60261724684466,20.593419877518453,0.015302178422591555,0.8594008436550015,0.8594023084363268,0.0013003790494843944,99.3914894773213,99.44589766210757,0.18951790218486214
arch_baseline_pin__stress_light_0p01sun_temp_380k__Stress_matrix_jv_003_updated,0.01,106.85000000000002,200,22.32703761784493,22.358412302031788,0.0425064441237956,1.2668279297197225,1.2671573656720583,0.0005628496449520527,20.59546524486272,20.59267902926159,0.015235490090922196,0.855740068334695,0.8567829189240832,0.0012815246874049034,98.7249865457359,98.86372120396965,0.18795145826755424
arch_baseline_pin__stress_light_0p01sun_temp_380k__Stress_matrix_jv_003_updated,0.01,106.85000000000002,300,22.17649714002655,22.233837513119873,0.04231387311427527,1.264126041898204,1.2641111219639025,0.0005571336876898449,20.588321203542417,20.594518007409505,0.015242306846433953,0.8520824794942069,0.854224351738593,0.001267421442263702,98.05933143727094,98.31288071411099,0.18709997539321743
arch_baseline_pin__stress_light_0p01sun_temp_380k__Stress_matrix_jv_003_updated,0.01,106.85000000000002,400,22.02617308223812,22.11516620784187,0.042302900269360295,1.261326395609628,1.2612792230428271,0.0005556720972031658,20.581185640213786,20.596815529634245,0.015272556994514403,0.8484791474188877,0.8517904221734504,0.0012629804302104633,97.3946332880278,97.78814399223633,0.18705145467251694
arch_baseline_pin__stress_light_0p01sun_temp_380k__Stress_matrix_jv_003_updated,0.01,106.85000000000002,500,21.913796010871632,22.000335577632487,0.042409787082404,1.2587833506516133,1.2586461665044355,0.0005574528668095208,20.574058424742127,20.598595449147048,0.01532029090858306,0.8461486302954127,0.8493785920864563,0.0012646760396349255,96.8977279193622,97.28038987229071,0.187524066519723
arch_baseline_pin__stress_light_0p01sun_temp_380k__Stress_matrix_jv_003_updated,0.01,106.85000000000002,600,21.807290298279696,21.887319228352787,0.04263132561269604,1.2564568391761135,1.2561977461941574,0.0005615727892527676,20.56693955296801,20.59937583667376,0.015387919794200358,0.8438873147213342,0.8468982210506576,0.0012716124255162497,96.42678433863932,96.78065806004686,0.18850362693648606
arch_baseline_pin__stress_light_0p01sun_temp_380k__Stress_matrix_jv_003_updated,0.01,106.85000000000002,800,21.59449139763501,21.666181297642908,0.04343753737982178,1.2523293841395242,1.251791486117936,0.0005758232797382937,20.552726856173884,20.597244728758834,0.015602061168475716,0.8389864724692024,0.8417662435821524,0.001300950372213977,95.4858369114579,95.80283770389629,0.19206840090699373
arch_baseline_pin__stress_light_0p01sun_temp_380k__Stress_matrix_jv_003_updated,0.01,106.85000000000002,1000,21.38202797507632,21.455443010105146,0.045125054213478726,1.248753422266402,1.2479343734524744,0.0006036040491931479,20.5385475518858,20.590273190326634,0.015986793569082215,0.8336859340348337,0.8366584825116673,0.0013694998941826758,94.54637289063304,94.87100169521644,0.19953001319982008
arch_baseline_pin__stress_light_0p01sun_temp_400k__Stress_matrix_jv_003_updated,0.01,126.85000000000002,0,22.61538671489493,22.62627483546332,0.06287620690480374,1.2721703024311324,1.2724963252411183,0.0012418551175250197,20.60913397129403,20.613306887588116,0.01720552109533149,0.862579282129523,0.862738923317232,0.0017198973563661425,100.0,100.04814682671581,0.27802200632375246
arch_baseline_pin__stress_light_0p01sun_temp_400k__Stress_matrix_jv_003_updated,0.01,126.85000000000002,50,22.446257826445464,22.456382544420336,0.057303727365666884,1.2689617952408767,1.268242071964571,0.00111135773479507,20.60119744168216,20.62422978572679,0.015453662474278587,0.858623826318751,0.8590381197950154,0.0015643039044896331,99.25215124294968,99.29693316693071,0.25338151732562375
arch_baseline_pin__stress_light_0p01sun_temp_400k__Stress_matrix_jv_003_updated,0.01,126.85000000000002,100,22.24108279834467,22.252789586647943,0.05220967111490782,1.2654604380753758,1.2628531336691933,0.0010257651927646687,20.591534966546448,20.623247799269194,0.014293468735268752,0.8535296902901935,0.8557364792256577,0.0013997195053754125,98.34491480836036,98.39670093887402,0.2308564602878545
arch_baseline_pin__stress_light_0p01sun_temp_400k__Stress_matrix_jv_003_updated,0.01,126.85000000000002,200,21.882770664617933,21.8197362795749,0.05130272873990386,1.2581993218106808,1.254888834147733,0.0010054259200802807,20.57224992124269,20.60962223077538,0.014168105079508437,0.8454171827668274,0.8464660195576993,0.0013570454569476384,96.76054157502207,96.4818435970706,0.22684603461152944
arch_baseline_pin__stress_light_0p01sun_temp_400k__Stress_matrix_jv_003_updated,0.01,126.85000000000002,300,21.591609987950346,21.419745510417272,0.05097366279400717,1.2524442158111728,1.2487731881234205,0.0010026887055965845,20.5530179650346,20.585256192289886,0.014199064191208022,0.8387857306413808,0.8369219315706922,0.001329995514125638,95.47309652560436,94.71317551075246,0.2253908147973743
arch_baseline_pin__stress_light_0p01sun_temp_400k__Stress_matrix_jv_003_updated,0.01,126.85000000000002,400,21.30009572201289,21.06268705224382,0.051052655204823646,1.247703540785,1.2437124311987733,0.0010078256793118313,20.5338393855368,20.55543656825478,0.01428400975684282,0.8313807928968577,0.8280858930316216,0.001322164152582668,94.18408798636302,93.13434247044643,0.22574001707836402
arch_baseline_pin__stress_light_0p01sun_temp_400k__Stress_matrix_jv_003_updated,0.01,126.85000000000002,500,21.07749428710005,20.7358315205716,0.051416312799090015,1.2435972552604104,1.239371674813882,0.0010187863495144328,20.51471393708898,20.52186083858835,0.014406488382725732,0.8261782546789794,0.8197259895824064,0.0013276010904442854,93.19979601860182,91.68905806162995,0.2273479907124181
arch_baseline_pin__stress_light_0p01sun_temp_400k__Stress_matrix_jv_003_updated,0.01,126.85000000000002,600,20.86062456210193,20.432134008947138,0.05205461907103571,1.2393238642395394,1.2355652958646193,0.0010350099853573909,20.49564177301177,20.485219749792126,0.0145687210247243,0.8212605709781738,0.811753340267468,0.0013444618406598292,92.24084834402906,90.34617195358301,0.23017043459494732
arch_baseline_pin__stress_light_0p01sun_temp_400k__Stress_matrix_jv_003_updated,0.01,126.85000000000002,800,20.45233206201091,19.884108001919728,0.05437448641711872,1.2324019186274444,1.2291169515323392,0.0010847840628426637,20.457657122018173,20.404763166656362,0.015048629636105072,0.8112123879556228,0.7970666039665567,0.0014160660158702508,90.43547351122945,87.92291518123547,0.240428470888894
arch_baseline_pin__stress_light_0p01sun_temp_400k__Stress_matrix_jv_003_updated,0.01,126.85000000000002,1000,20.11689248599232,19.407170906512114,0.059038373128462066,1.2268949429555889,1.2237790499848216,0.00116230983653625,20.419885212742926,20.317987813753938,0.01586003700899199,0.80297166819189,0.7841681579761146,0.0015747863224008082,88.95223742843599,85.81399917410293,0.261051608301833
arch_baseline_pin__stress_light_0p20sun_temp_300k__Stress_matrix_jv_003_updated,0.2,26.850000000000023,0,22.61538683644497,22.61593063424294,0.04407702070639385,1.2721703002580282,1.272177391064516,0.0006741114174329883,20.609134086845,20.609450166377595,0.01124426363393984,0.8625792834027444,0.8625916040275443,0.0011846660553901868,100.0,100.00240366672355,0.19489639169395256
arch_baseline_pin__stress_light_0p20sun_temp_300k__Stress_matrix_jv_003_updated,0.2,26.850000000000023,50,22.61430164104186,22.616413882537223,0.042287332692735116,1.2721443846972966,1.272188418881303,0.0006397259014617973,20.609049974366314,20.60979702931181,0.010665219284559919,0.8625589843045277,0.862597903641048,0.0011337901533576573,99.99520151739628,100.00454015216967,0.18698298905026295
arch_baseline_pin__stress_light_0p20sun_temp_300k__Stress_matrix_jv_003_updated,0.2,26.850000000000023,100,22.612978930922907,22.615136816874433,0.040588404183233416,1.272112829626343,1.2721539679933784,0.0006060154574308756,20.60894751754222,20.60975436439563,0.010305742791909453,0.862534216024199,0.8625695400540195,0.001082659164371997,99.98935279975764,99.99889354999752,0.17947074845575006
arch_baseline_pin__stress_light_0p20sun_temp_300k__Stress_matrix_jv_003_updated,0.2,26.850000000000023,200,22.610333812909648,22.61131603029063,0.04025479466930851,1.2720498266392417,1.2720397112094244,0.0005949724544264286,20.608742606307622,20.609631228012304,0.010268086060321502,0.8624846131735824,0.8625048892143283,0.0010672427116751807,99.97765670084767,99.98199908983314,0.17799571323747687
arch_baseline_pin__stress_light_0p20sun_temp_300k__Stress_matrix_jv_003_updated,0.2,26.850000000000023,300,22.607689149519512,22.60728789357365,0.04007243462286064,1.2719869658952834,1.2719214443408937,0.0005894706823308081,20.60853769437978,20.60944716699564,0.010273714835105535,0.8624349245011049,0.8624450361095974,0.0010550142041083964,99.96596261217584,99.96418741984624,0.17718931388397863
arch_baseline_pin__stress_light_0p20sun_temp_300k__Stress_matrix_jv_003_updated,0.2,26.850000000000023,400,22.60504478756551,22.603723553131836,0.040065950480163225,1.2719242463748477,1.271825116223646,0.0005882254808129181,20.608332782451928,20.60920524575033,0.010295577478696858,0.8623851448293751,0.8623913912472866,0.0010514689500195741,99.95426985638473,99.9484267122422,0.17716061853805676
arch_baseline_pin__stress_light_0p20sun_temp_300k__Stress_matrix_jv_003_updated,0.2,26.850000000000023,500,22.60240133328192,22.60052100224981,0.04017260012816054,1.2718616681575,1.2717465184779806,0.0005902341259912728,20.608128004099573,20.608912988573625,0.010327283200709443,0.8623352916477417,0.8623385562077845,0.0010531157070986824,99.9425811141018,99.93426585734576,0.17763213968419242
arch_baseline_pin__stress_light_0p20sun_temp_300k__Stress_matrix_jv_003_updated,0.2,26.850000000000023,600,22.599758030898965,22.597490387907694,0.04039580852620406,1.2717992295573937,1.2716767017173045,0.0005946117026335081,20.60792309217172,20.608577339559933,0.010372757557828254,0.8622853484497176,0.8622836902966536,0.0010598337666799778,99.93089304348834,99.92086531032538,0.17861904833272035
arch_baseline_pin__stress_light_0p20sun_temp_300k__Stress_matrix_jv_003_updated,0.2,26.850000000000023,800,22.59447263947228,22.59133975163056,0.041167149939233066,1.2716747722340522,1.27153746048298,0.0006095482083170651,20.607513401891502,20.607803557369493,0.0105213349446476,0.8621851978726762,0.8621634964534513,0.0010837938834932644,99.90752226736626,99.89366887548198,0.18202965094922574
arch_baseline_pin__stress_light_0p20sun_temp_300k__Stress_matrix_jv_003_updated,0.2,26.850000000000023,1000,22.589189365901223,22.58447778254804,0.04267390624848166,1.2715508699756453,1.271378135981975,0.0006380467077798707,20.607103843466422,20.60693984540516,0.010754867383156445,0.8620847193384586,0.8620262927412427,0.001133310278155278,99.88416085591103,99.86332704168082,0.1886922046546889
arch_baseline_pin__stress_light_0p20sun_temp_320k__Stress_matrix_jv_003_updated,0.2,46.85000000000002,0,22.615386869712577,22.61538177953891,0.03185074200301251,1.2721702984934733,1.2721691933291541,0.0004815373534801126,20.609134084765245,20.609245658415457,0.009272846411634582,0.8625792859550939,0.8625823696229341,0.00093637646029016,100.0,99.99997768450699,0.14083785913003655
arch_baseline_pin__stress_light_0p20sun_temp_320k__Stress_matrix_jv_003_updated,0.2,46.85000000000002,50,22.610155003685296,22.61060929136588,0.03134065898032779,1.272045724479991,1.2720603316520802,0.00046780827031322195,20.608729005091664,20.60896087964905,0.009097557271488973,0.8624811429671435,0.8624911481438395,0.0009165334081078317,99.97686590082486,99.97887486765207,0.13858238366876557
arch_baseline_pin__stress_light_0p20sun_temp_320k__Stress_matrix_jv_003_updated,0.2,46.85000000000002,100,22.6037814904736,22.60366933508496,0.030486508910487268,1.2718945569643023,1.2718563102604517,0.0004469415121868654,20.608235139219264,20.608530541769973,0.008871926636241017,0.8623611650461191,0.8623883821228144,0.0008863218011007568,99.94868370235788,99.94818799836861,0.1348055033541134
arch_baseline_pin__stress_light_0p20sun_temp_320k__Stress_matrix_jv_003_updated,0.2,46.85000000000002,200,22.591042033290368,22.59381965975419,0.030265720665569755,1.2715946690064566,1.271597118469315,0.0004390590819622891,20.607247541743178,20.6076880907057,0.008853031227072757,0.8621197157892276,0.8622182395454688,0.000873986183235579,99.8923527748499,99.90463511167049,0.1338292344939969
arch_baseline_pin__stress_light_0p20sun_temp_320k__Stress_matrix_jv_003_updated,0.2,46.85000000000002,300,22.578313170070672,22.584208026178008,0.030032391495508962,1.271297996980935,1.2713993173454459,0.00043274068425310647,20.606260342579933,20.606785828297046,0.008849017995339258,0.8618763174676477,0.8620141400820209,0.0008603493476713194,99.83606869139366,99.86213476415315,0.13279751746810853
arch_baseline_pin__stress_light_0p20sun_temp_320k__Stress_matrix_jv_003_updated,0.2,46.85000000000002,400,22.565594750793423,22.572956726690013,0.029965726797790332,1.2710044773776676,1.2711842286325727,0.00043002522012738334,20.60527327665831,20.60581651635589,0.008855955562086876,0.861631019049758,0.8617634321654035,0.0008554341861922436,99.77983078863076,99.81238414857286,0.13250274562459774
arch_baseline_pin__stress_light_0p20sun_temp_320k__Stress_matrix_jv_003_updated,0.2,46.85000000000002,500,22.55288647215379,22.5601839831981,0.029964122853691707,1.270714054141296,1.2709330421968388,0.0004295255303561031,20.60428660938337,20.6047836314135,0.008866761987855822,0.8613838364220248,0.8614827824988784,0.0008543803611725776,99.72363772541742,99.75590605257469,0.13249565465484375
arch_baseline_pin__stress_light_0p20sun_temp_320k__Stress_matrix_jv_003_updated,0.2,46.85000000000002,600,22.540188487423546,22.54633886528297,0.030012443677850068,1.270426672858433,1.2706469452263656,0.00043064525920029833,20.60330020717965,20.60369331951028,0.008882561511588402,0.8611348184941794,0.8611873306259412,0.0008563336845386604,99.66749017948598,99.69468616206795,0.13270931875256622
arch_baseline_pin__stress_light_0p20sun_temp_320k__Stress_matrix_jv_003_updated,0.2,46.85000000000002,800,22.51482309128036,22.516673007883327,0.030282043050981346,1.2698608251426793,1.2699972953791026,0.0004378647988036733,20.601328067902124,20.6013647221944,0.008940382776101949,0.8606314158573117,0.8605784729538535,0.0008672491910911329,99.55533027574734,99.56351065829242,0.1339014310620174
arch_baseline_pin__stress_light_0p20sun_temp_320k__Stress_matrix_jv_003_updated,0.2,46.85000000000002,1000,22.48949750046388,22.48532535278007,0.031225024972012027,1.2693065015704073,1.269287423697324,0.00045737559989344643,20.599356991348586,20.598871087186357,0.00905938050931875,0.8601210632796702,0.8599523063247995,0.0009042110704346,99.44334638193922,99.42489867077869,0.13807108928559514
arch_baseline_pin__stress_light_0p20sun_temp_340k__Stress_matrix_jv_003_updated,0.2,66.85000000000002,0,22.615386759656044,22.615832439651037,0.03068083594621096,1.2721703001464806,1.272177127462808,0.0004597563757145531,20.60913408892475,20.609345905147528,0.009146960012299888,0.8625792804625055,0.8625880280881824,0.0009208097104776116,100.0,100.00197069121637,0.13566342968806983
arch_baseline_pin__stress_light_0p20sun_temp_340k__Stress_matrix_jv_003_updated,0.2,66.85000000000002,50,22.59442591253045,22.595299905058432,0.030130697745861395,1.271674788925248,1.2716195346707342,0.00044524416150497825,20.607511172213943,20.608319142427536,0.008980353126931554,0.8621834967831503,0.8622376684579727,0.0008990499910836586,99.90731599088552,99.91118054982043,0.13323085116887573
arch_baseline_pin__stress_light_0p20sun_temp_340k__Stress_matrix_jv_003_updated,0.2,66.85000000000002,100,22.56892252830175,22.57268544243146,0.029231770162213715,1.2710822488365807,1.2711733318003746,0.00042527550921360566,20.60553328382412,20.60648651407334,0.00874367675037774,0.8616944847549622,0.8617612005463617,0.0008668482438752112,99.79454593526042,99.81118453054061,0.1292560093969164
arch_baseline_pin__stress_light_0p20sun_temp_340k__Stress_matrix_jv_003_updated,0.2,66.85000000000002,200,22.518035144760404,22.515772185339163,0.02901254520527672,1.269934144540666,1.2700529910457006,0.0004166161491603792,20.60158069626905,20.602591561891035,0.008726767382988011,0.8606939470050219,0.8605246503834173,0.0008546380773514636,99.56953371644607,99.55952735732811,0.1282866502830142
arch_baseline_pin__stress_light_0p20sun_temp_340k__Stress_matrix_jv_003_updated,0.2,66.85000000000002,300,22.46730497227967,22.4552603066212,0.028758267801312062,1.268832511477738,1.2687735461414766,0.0004098248478479342,20.597632225726084,20.598483645349752,0.008721227640765166,0.8596652721023414,0.8592977548448928,0.0008404373940771668,99.3452166485141,99.29195797019244,0.1271622930977738
arch_baseline_pin__stress_light_0p20sun_temp_340k__Stress_matrix_jv_003_updated,0.2,66.85000000000002,400,22.416732765254288,22.397563743194194,0.0286678178140295,1.2677742819715287,1.26748883079866,0.0004067900194163011,20.59368800438419,20.59426615676851,0.008725484078891944,0.8586106048421664,0.8581481688062151,0.0008348414134351879,99.12159806722325,99.03683713136348,0.12676234411916276
arch_baseline_pin__stress_light_0p20sun_temp_340k__Stress_matrix_jv_003_updated,0.2,66.85000000000002,500,22.366317467556165,22.342940873510006,0.02864932350174122,1.2667566249644862,1.2662521689986452,0.00040634362271476624,20.58974803293661,20.589984160573884,0.00873293447183606,0.8575318685387225,0.8570544205248699,0.0008333083624299964,98.8986733026198,98.79530737217843,0.12668056566021973
arch_baseline_pin__stress_light_0p20sun_temp_340k__Stress_matrix_jv_003_updated,0.2,66.85000000000002,600,22.31605847129265,22.290616389975447,0.02869917736254279,1.2657769542968345,1.2650768739914418,0.0004076937222894766,20.58581231241051,20.585659214901707,0.008745684981734099,0.8564308393641551,0.8559984081292141,0.0008353871118896234,98.67643966674328,98.56394053292061,0.12690100720547637
arch_baseline_pin__stress_light_0p20sun_temp_340k__Stress_matrix_jv_003_updated,0.2,66.85000000000002,800,22.21600545362276,22.19087609729957,0.0290144404283696,1.2635582404674368,1.262906806871963,0.00041516406895226034,20.577953618961526,20.57689992498324,0.008802369069298252,0.8544143325850332,0.8539625412767582,0.0008479572505005256,98.23402840606845,98.1229120320033,0.12829502441588525
arch_baseline_pin__stress_light_0p20sun_temp_340k__Stress_matrix_jv_003_updated,0.2,66.85000000000002,1000,22.11656719971024,22.095861578638264,0.03001380878590621,1.2614128066527333,1.2609476582248764,0.0004346334155720763,20.570112057612736,20.567966848969032,0.008930928771907973,0.852361501612688,0.8519828227687277,0.0008865590147353234,97.79433548828068,97.70278004452294,0.13271399597887026
arch_baseline_pin__stress_light_0p20sun_temp_360k__Stress_matrix_jv_003_updated,0.2,86.85000000000002,0,22.615386760677307,22.61527347767374,0.030843752332507076,1.2721703002473508,1.2721671441738553,0.0004623630266574546,20.6091340882315,20.609303754222637,0.009126388294183899,0.8625792804620794,0.8625872125993419,0.0009183359481399515,100.0,99.99949888937809,0.13638386478716358
arch_baseline_pin__stress_light_0p20sun_temp_360k__Stress_matrix_jv_003_updated,0.2,86.85000000000002,50,22.54344996248439,22.546821191751825,0.030297051761812164,1.2705052489066668,1.270691325741503,0.0004478013740108608,20.603562880796936,20.604088689126446,0.008959421025622555,0.8611951760808193,0.8612404576660204,0.0008968793830346316,99.68191214700782,99.69681878839201,0.13396648562961017
arch_baseline_pin__stress_light_0p20sun_temp_360k__Stress_matrix_jv_003_updated,0.2,86.85000000000002,100,22.45622693449315,22.449376867866114,0.029397099715296884,1.268602882386931,1.268569208708013,0.0004277167053233674,20.59678055359393,20.59723545544917,0.008722768843501457,0.8594324604070962,0.8592319097279691,0.0008649321818049052,99.2962321278498,99.26594259189153,0.12998711275321168
arch_baseline_pin__stress_light_0p20sun_temp_360k__Stress_matrix_jv_003_updated,0.2,86.85000000000002,200,22.283122589296447,22.272577419443348,0.029186494791534463,1.2651176591500917,1.2645180496315576,0.00041911827732422013,20.5832533328425,20.583619208150207,0.008705820170995445,0.8557188767026395,0.8557522730506261,0.0008531564347036052,98.53080482373802,98.48417639914005,0.12905586816965792
arch_baseline_pin__stress_light_0p20sun_temp_360k__Stress_matrix_jv_003_updated,0.2,86.85000000000002,300,22.111780869701057,22.11780075631065,0.028945474531440883,1.2613324208090475,1.2610127990945001,0.0004124042400288868,20.56977589264788,20.569880272526376,0.008700270329341111,0.8522452765712146,0.8526809820788757,0.0008394976675813994,97.7731714416138,97.79978988054417,0.1279901314372197
arch_baseline_pin__stress_light_0p20sun_temp_360k__Stress_matrix_jv_003_updated,0.2,86.85000000000002,400,21.942927962967868,21.97429471998328,0.02886047023064178,1.2580362608553373,1.2579190260874267,0.00040940393806756495,20.55634783605849,20.55611020075044,0.008704553134610575,0.848507060391591,0.8496902563260927,0.0008341509138675643,97.02654301327854,97.16523948168583,0.12761426190093325
arch_baseline_pin__stress_light_0p20sun_temp_360k__Stress_matrix_jv_003_updated,0.2,86.85000000000002,500,21.819020131708378,21.837520051413893,0.028844422508111086,1.2551271196075446,1.255134543145701,0.0004089751015900736,20.54296889386879,20.542335109329994,0.008712040231629102,0.8462220176604666,0.8467335303371897,0.0008327164153524575,96.47865129437618,96.56045361976082,0.12754330229520833
arch_baseline_pin__stress_light_0p20sun_temp_360k__Stress_matrix_jv_003_updated,0.2,86.85000000000002,600,21.69614092960997,21.706209270133968,0.02889465853540039,1.2525279472416753,1.2526013966650684,0.000410339307690109,20.529638803062085,20.528561393429026,0.008724834699062219,0.8437499493975771,0.8438359103338592,0.0008347830909873111,95.93530793527846,95.97982778401277,0.1277654333916946
arch_baseline_pin__stress_light_0p20sun_temp_360k__Stress_matrix_jv_003_updated,0.2,86.85000000000002,800,21.453408624492088,21.459288522516484,0.029208714363446672,1.2480531742114875,1.2481458572087458,0.00041785000447431094,20.50312411323272,20.501010332525937,0.008781634086465118,0.8383843736403471,0.8382870330070639,0.0008471871266575947,94.86200192602668,94.88800146947474,0.12915411240236613
arch_baseline_pin__stress_light_0p20sun_temp_360k__Stress_matrix_jv_003_updated,0.2,86.85000000000002,1000,21.21461560044637,21.23246663310235,0.03019375871176867,1.244302746898497,1.2443371204144094,0.00043731281223483975,20.476801240011707,20.47344036991524,0.008910247587910569,0.8326202945183804,0.8330822551213488,0.0008851682445578916,93.80611450489744,93.8850476488569,0.13350974854616493
arch_baseline_pin__stress_light_0p20sun_temp_380k__Stress_matrix_jv_003_updated,0.2,106.85000000000002,0,22.61538684361662,22.617661708329717,0.030810056317488406,1.272170298285679,1.2722222270890609,0.00047332825157731136,20.60913395673577,20.610171287915584,0.009041779714137109,0.8625792904592278,0.8626118366996645,0.0009009007245461827,100.0,100.0100589505564,0.1362339942663371
arch_baseline_pin__stress_light_0p20sun_temp_380k__Stress_matrix_jv_003_updated,0.2,106.85000000000002,50,22.39900190622512,22.38800805823687,0.03033054319369005,1.2674312052638637,1.267024226253847,0.00045986038751571757,20.59235241030668,20.59577484199372,0.00887766548710888,0.8582193636142216,0.8579566487212182,0.0008828283049092892,99.04319594934287,98.99458335225954,0.13411370217528035
arch_baseline_pin__stress_light_0p20sun_temp_380k__Stress_matrix_jv_003_updated,0.2,106.85000000000002,100,22.139003533001777,22.14162603208378,0.029530158660615875,1.2619262005983516,1.2613058395625671,0.0004393793600730056,20.571990426080163,20.57516333156682,0.00866122562717821,0.852801191781065,0.8531291493290889,0.0008551507425031646,97.89354339189956,97.90513920728918,0.13057461969794637
arch_baseline_pin__stress_light_0p20sun_temp_380k__Stress_matrix_jv_003_updated,0.2,106.85000000000002,200,21.713149259151965,21.702120934408335,0.029324069479725993,1.2529075000873386,1.252539789071442,0.0004316462469704924,20.53159958397888,20.532597126187778,0.00864348352656244,0.8440749717674588,0.8436733755073176,0.000843876478902532,96.01051447537225,95.96175049180137,0.1296633206356543
arch_baseline_pin__stress_light_0p20sun_temp_380k__Stress_matrix_jv_003_updated,0.2,106.85000000000002,300,21.34704942186021,21.311767747559806,0.029098836559464814,1.246361548531726,1.245751308802205,0.0004254343284845031,20.491646267725297,20.489626237455646,0.008639069612187009,0.8358280909717763,0.8348550348512551,0.0008308641225905067,94.39170583051772,94.2356987141252,0.128667352796084
arch_baseline_pin__stress_light_0p20sun_temp_380k__Stress_matrix_jv_003_updated,0.2,106.85000000000002,400,20.9959574364238,20.969185356523013,0.029035429876851582,1.2405711679320388,1.2402368772423302,0.0004227679140566821,20.45212251116488,20.446836890979935,0.008645617221778463,0.8275145042586142,0.8268890783183309,0.000826207075862513,92.83925842882532,92.72087876826909,0.12838696680298312
arch_baseline_pin__stress_light_0p20sun_temp_380k__Stress_matrix_jv_003_updated,0.2,106.85000000000002,500,20.71922215735923,20.662240647211394,0.029033793612425356,1.2354913966667922,1.2356108660629976,0.00042227418167154526,20.413020751283984,20.40448900601602,0.008655817212236046,0.8215357074219836,0.8195951533341914,0.0008251716872308811,91.61559915216486,91.36364097191577,0.12837972507067957
arch_baseline_pin__stress_light_0p20sun_temp_380k__Stress_matrix_jv_003_updated,0.2,106.85000000000002,600,20.44830838366219,20.3808406081731,0.029078329788921727,1.2313231419259645,1.2316306543716886,0.0004233688652738836,20.374333282146885,20.36273398470334,0.008670556735659234,0.8150831934072233,0.8127787644881377,0.0008269008251305956,90.41768122323272,90.11935575904755,0.12857665255323708
arch_baseline_pin__stress_light_0p20sun_temp_380k__Stress_matrix_jv_003_updated,0.2,106.85000000000002,800,19.93406387633281,19.875661262579243,0.02932693566487968,1.2247469886929414,1.2250241863207958,0.0004304478874695415,20.29817255213753,20.281339011925834,0.008724711425664774,0.8018488767719979,0.8002508659926084,0.0008367824254767775,88.14381117676689,87.8855700721271,0.12967592296958838
arch_baseline_pin__stress_light_0p20sun_temp_380k__Stress_matrix_jv_003_updated,0.2,106.85000000000002,1000,19.51318890444601,19.43462143434722,0.03022911810353446,1.218852155014252,1.2196526359418138,0.0004496168311381769,20.22358416523997,20.20305807748351,0.008839565830555847,0.7916242555131627,0.789081370836737,0.0008718477051325303,86.28279957967541,85.9353941840858,0.1336651952910806
arch_baseline_pin__stress_light_0p20sun_temp_400k__Stress_matrix_jv_003_updated,0.2,126.85000000000002,0,22.61538671411441,22.609915810089905,0.031223189031467983,1.2721703023296165,1.2720175326212264,0.0005861377884523857,20.60913397129403,20.607715407003596,0.008774381119250097,0.8625792821685846,0.8624907366780715,0.0008791454157796786,100.0,99.97581232701503,0.13805956568973976
arch_baseline_pin__stress_light_0p20sun_temp_400k__Stress_matrix_jv_003_updated,0.2,126.85000000000002,50,22.035270123828383,22.028352236669456,0.029857291833754376,1.25987396789948,1.2597682569251523,0.0005555846311289154,20.56396580100284,20.555255325420756,0.008312821169880708,0.8505197510456731,0.850500837545685,0.000838478307485416,97.43485885242912,97.40428495784464,0.1320202864902325
arch_baseline_pin__stress_light_0p20sun_temp_400k__Stress_matrix_jv_003_updated,0.2,126.85000000000002,100,21.508753157122424,21.474312298614258,0.02856199990767575,1.249106996861706,1.2498848591292218,0.000526399444583455,20.50961148008217,20.496458552532804,0.00800094996786044,0.8395724149361764,0.8378637895317389,0.0007981528237409076,95.10672282114314,94.95444936373458,0.12629288052692195
arch_baseline_pin__stress_light_0p20sun_temp_400k__Stress_matrix_jv_003_updated,0.2,126.85000000000002,200,20.64669585569608,20.635375958413505,0.02825830854984661,1.234399967494332,1.2363685674218226,0.0005154891437518286,20.403225937264125,20.384742047201858,0.007973192860659782,0.8197771707462282,0.8181909982081371,0.0007829026221435525,91.29490517537928,91.24486520224788,0.12495007436531927
arch_baseline_pin__stress_light_0p20sun_temp_400k__Stress_matrix_jv_003_updated,0.2,126.85000000000002,300,19.93933352807728,19.976481403881092,0.02799892040023723,1.2249061992982235,1.2268825030112738,0.000509550032933932,20.29981750789003,20.281850990184875,0.00797379870387576,0.8018916137454576,0.8019502291818192,0.0007677365672171128,88.16711286052433,88.33138767900692,0.12380302411404685
arch_baseline_pin__stress_light_0p20sun_temp_400k__Stress_matrix_jv_003_updated,0.2,126.85000000000002,400,19.370755333905908,19.42066758609191,0.027940428774326113,1.217087260866486,1.219479842198546,0.0005078794991905473,20.199248447378125,20.183240347804098,0.00799020893477827,0.7879336135061469,0.7878707521944269,0.0007623526466896586,85.65299182709308,85.87370821388012,0.1235443332628545
arch_baseline_pin__stress_light_0p20sun_temp_400k__Stress_matrix_jv_003_updated,0.2,126.85000000000002,500,18.83566075340207,18.935110457395076,0.027988238953131968,1.2108178039039224,1.2133600539703373,0.0005094852248877052,20.10138923890688,20.08815656920136,0.008014215847147732,0.7738842149501519,0.7754123651233626,0.0007622551940249931,83.28692757505053,83.72668629420752,0.12375567526709781
arch_baseline_pin__stress_light_0p20sun_temp_400k__Stress_matrix_jv_003_updated,0.2,126.85000000000002,600,18.390383266840324,18.503011899613924,0.028155092966919353,1.205838205190402,1.2081286346149775,0.0005133950914726897,20.00611819478969,19.996698168745205,0.008049048593392527,0.7623228021309496,0.7642494226788479,0.0007677203333633341,81.31801370154226,81.81604385151019,0.1244933932354632
arch_baseline_pin__stress_light_0p20sun_temp_400k__Stress_matrix_jv_003_updated,0.2,126.85000000000002,800,17.570195252455978,17.765824004155345,0.02877496082183915,1.1972767817303869,1.199503359784514,0.0005264817368712243,19.82289221165427,19.82489058325984,0.008171315795742418,0.7403123727271094,0.7451294043031018,0.0007880315416703256,77.69133234184451,78.5563631117654,0.12723418891559762
arch_baseline_pin__stress_light_0p20sun_temp_400k__Stress_matrix_jv_003_updated,0.2,126.85000000000002,1000,16.895382972396455,17.164261418845413,0.030016365740997485,1.1900018629770246,1.1925583051599098,0.0005521112028293956,19.648739552898856,19.6678876442424,0.008376079587724735,0.7225796113746521,0.7295492128938159,0.0008306457325130183,74.70746879535753,75.89639331577644,0.132723398285435
arch_baseline_pin__stress_light_0p40sun_temp_300k__Stress_matrix_jv_003_updated,0.4,26.850000000000023,0,22.61538698755772,22.615396208145132,0.0369839740052227,1.2721703000789983,1.272173170380616,0.0005841355177798567,20.60913408753825,20.609016008792786,0.00853566327925167,0.8625792892587482,0.8625765625702474,0.000977880998969263,100.0,100.00004144266421,0.1635351540350977
arch_baseline_pin__stress_light_0p40sun_temp_300k__Stress_matrix_jv_003_updated,0.4,26.850000000000023,50,22.61348184788435,22.612975156613686,0.036359501841588475,1.2721237608214273,1.272115635429498,0.0005683424090802932,20.608976990393646,20.608627061364487,0.008390282051563768,0.8625447536146026,0.8625353082568671,0.0009605760288397309,99.99157591389256,99.98933613075548,0.16077389063408803
arch_baseline_pin__stress_light_0p40sun_temp_300k__Stress_matrix_jv_003_updated,0.4,26.850000000000023,100,22.61115987773796,22.609846478220256,0.035462083673397926,1.2720671276327875,1.272027765159957,0.0005427283483764605,20.608785599930243,20.60838917323309,0.008297564545621526,0.8625025937518995,0.8624769803824397,0.0009364824046716487,99.98130870003646,99.97550179249292,0.15680570489305223
arch_baseline_pin__stress_light_0p40sun_temp_300k__Stress_matrix_jv_003_updated,0.4,26.850000000000023,200,22.606516995718927,22.603556054561416,0.0351471172863085,1.2719542112769098,1.271849198567632,0.0005333977077232926,20.608402685068537,20.60792167670438,0.00825866266807666,0.8624180669275776,0.8623695727084542,0.0009207287068460024,99.96077895176558,99.94768694888418,0.15541302585323097
arch_baseline_pin__stress_light_0p40sun_temp_300k__Stress_matrix_jv_003_updated,0.4,26.850000000000023,300,22.60187562895772,22.598793909900166,0.034937607220805605,1.2718417577204224,1.2717185408594902,0.0005273336402924858,20.60801977020683,20.60749041860107,0.0082562789609984,0.8623332631321643,0.8622911456506477,0.0009075411741328756,99.94025590361365,99.92662987886177,0.15448665330009254
arch_baseline_pin__stress_light_0p40sun_temp_300k__Stress_matrix_jv_003_updated,0.4,26.850000000000023,400,22.597235925416747,22.595186486776274,0.03489047669712887,1.2717297632829043,1.2716343939584949,0.0005252275856306695,20.607636988227355,20.607104488957454,0.008266061270945908,0.8622481849689142,0.8622297510029352,0.0009032750783527497,99.91974020983608,99.9106787449852,0.1542782654351091
arch_baseline_pin__stress_light_0p40sun_temp_300k__Stress_matrix_jv_003_updated,0.4,26.850000000000023,500,22.59259758681295,22.59214725476435,0.03492787890822009,1.2716182254876944,1.271575083721952,0.0005255536721092142,20.60725420730053,20.606765941867845,0.008281535051994651,0.8621628282752791,0.8621742109151791,0.0009035582476573514,99.8992305514944,99.89724000247327,0.1544436521140861
arch_baseline_pin__stress_light_0p40sun_temp_300k__Stress_matrix_jv_003_updated,0.4,26.850000000000023,600,22.587960761109947,22.589288159827547,0.03501882985990677,1.271507138864073,1.2715226181732804,0.0005272624163002351,20.60687142462781,20.606467142837197,0.008301275909093749,0.8620772025458004,0.8621182380802636,0.0009065058761443219,99.87872758284942,99.88459776309006,0.15484581281632812
arch_baseline_pin__stress_light_0p40sun_temp_300k__Stress_matrix_jv_003_updated,0.4,26.850000000000023,800,22.57869165441242,22.58314554590149,0.03530312504465222,1.271286310723774,1.2713980913584533,0.0005355140627568042,20.60610612679272,20.605925025330013,0.008340473467891001,0.8619051385950164,0.8619904232073222,0.0009144550409155557,99.83774174120708,99.85743655463054,0.1561028978682553
arch_baseline_pin__stress_light_0p40sun_temp_300k__Stress_matrix_jv_003_updated,0.4,26.850000000000023,1000,22.569428302593803,22.575494334960723,0.03631527746468137,1.2710672578553714,1.2712223011937596,0.0005595342611093022,20.605340961839858,20.605339013227685,0.008393000704744455,0.8617320015568942,0.8618272141789659,0.0009511704142337833,99.79678134630552,99.82360469841765,0.16057836472878206
arch_baseline_pin__stress_light_0p40sun_temp_320k__Stress_matrix_jv_003_updated,0.4,46.85000000000002,0,22.61538687128965,22.615159157114856,0.030808446656622464,1.2721702984940828,1.272167826721392,0.0004767262050946981,20.609134085458493,20.60900003788533,0.00800257433796135,0.8625792859858172,0.862574181516994,0.0008855189846326295,100.0,99.9989927440113,0.1362277995867329
arch_baseline_pin__stress_light_0p40sun_temp_320k__Stress_matrix_jv_003_updated,0.4,46.85000000000002,50,22.60620778697828,22.604926038453513,0.030277493575302437,1.2719468418780906,1.271925687395365,0.00046149433900955227,20.60837712072964,20.60806924273482,0.007912396825452613,0.8624123373065449,0.8623754088989133,0.0008671626103885282,99.95941221627724,99.95374423732858,0.13388004805142964
arch_baseline_pin__stress_light_0p40sun_temp_320k__Stress_matrix_jv_003_updated,0.4,46.85000000000002,100,22.595026374449105,22.594375836146952,0.029422260443487946,1.271676777525614,1.271649953407643,0.00044044641353037736,20.607454265710093,20.607093683530938,0.007797872291939042,0.8622074425361126,0.862190967415073,0.000840983317715368,99.90997060118217,99.90709366158296,0.13009840562985805
arch_baseline_pin__stress_light_0p40sun_temp_320k__Stress_matrix_jv_003_updated,0.4,46.85000000000002,200,22.57268958885712,22.57515553573096,0.029191549198374238,1.2711445334895977,1.2712434145717373,0.0004318098066212209,20.60560948864516,20.60516942288817,0.00777293666165138,0.861792897049589,0.861818456741517,0.0008275731287539768,99.81120251147796,99.8221059501878,0.12907825395403613
arch_baseline_pin__stress_light_0p40sun_temp_320k__Stress_matrix_jv_003_updated,0.4,46.85000000000002,300,22.5503886876685,22.55427324244759,0.028936806511380475,1.2706225293058535,1.2708255329822353,0.00042516470687050095,20.603765640369303,20.60330456416424,0.007766659741329078,0.8613722554184541,0.8614083680941425,0.0008128652578708219,99.71259309428984,99.72976929079562,0.1279518404268914
arch_baseline_pin__stress_light_0p40sun_temp_320k__Stress_matrix_jv_003_updated,0.4,46.85000000000002,400,22.52812215784809,22.531175195294157,0.02884666990097668,1.2701104164167674,1.2703587496158648,0.0004221896493817035,20.60192285553622,20.60151437056063,0.007769926804501991,0.860945693545517,0.8609524835407988,0.0008071339869244639,99.61413565932692,99.62763507399207,0.12755327728272683
arch_baseline_pin__stress_light_0p40sun_temp_320k__Stress_matrix_jv_003_updated,0.4,46.85000000000002,500,22.50589029975373,22.507418967579714,0.028830659710635066,1.269607883478841,1.2698576641695452,0.0004218152361907912,20.600081134813628,20.599801094954557,0.007776442658477021,0.8605134371382386,0.8604823566538027,0.0008057642222796184,99.51583153470202,99.52259054551939,0.1274824838960237
arch_baseline_pin__stress_light_0p40sun_temp_320k__Stress_matrix_jv_003_updated,0.4,46.85000000000002,600,22.48369129864904,22.484067545090095,0.028880557437607923,1.269114594128366,1.2693356660524098,0.0004232958792204083,20.59824007747506,20.59815105332643,0.007786408764286627,0.8600756649125381,0.8600203398002297,0.0008076668991338797,99.41767269607132,99.41933596747697,0.12770311997925235
arch_baseline_pin__stress_light_0p40sun_temp_320k__Stress_matrix_jv_003_updated,0.4,46.85000000000002,800,22.43939549677403,22.439336034525063,0.02917592409473669,1.2681547246659035,1.2682598386315802,0.00043122615677612067,20.59456075406908,20.594927649606248,0.007814959101047758,0.8591843848939476,0.8591346668264258,0.0008175159178838246,99.22180692500532,99.22154360900979,0.12900916286096134
arch_baseline_pin__stress_light_0p40sun_temp_320k__Stress_matrix_jv_003_updated,0.4,46.85000000000002,1000,22.395235507908662,22.395675866485277,0.030158815558421526,1.2672286990056114,1.2671709006350425,0.00045114704122698943,20.590885285376963,20.5915938082105,0.007882219924629038,0.8582733249262476,0.8582614556444889,0.0008542304778880168,99.02654168759555,99.02848847610768,0.13335528125910648
arch_baseline_pin__stress_light_0p40sun_temp_340k__Stress_matrix_jv_003_updated,0.4,66.85000000000002,0,22.615386835882823,22.615408230315765,0.029745622137540468,1.2721703002538305,1.2721728639266687,0.00045561803286955124,20.609134087538248,20.608989228206212,0.007941865494384992,0.8625792833551346,0.8625764713003562,0.000866492635532367,100.0,100.0000947590318,0.1315277625125468
arch_baseline_pin__stress_light_0p40sun_temp_340k__Stress_matrix_jv_003_updated,0.4,66.85000000000002,50,22.578644460023494,22.57805755410184,0.02927439890880773,1.2712861951370202,1.271220745163467,0.0004433574871310018,20.60610203152616,20.605645204594598,0.007857475234029833,0.8619035866856409,0.8619045774736867,0.0008501326568936811,99.83753372813844,99.8349384142618,0.12944412300098915
arch_baseline_pin__stress_light_0p40sun_temp_340k__Stress_matrix_jv_003_updated,0.4,66.85000000000002,100,22.533983653357872,22.53503304195317,0.028565275545616522,1.270245496903402,1.2703522972394514,0.00042623681336551673,20.602408185135555,20.60186375776791,0.007746765521986295,0.8610578364170426,0.8610538071737904,0.0008275894438021697,99.64005399016304,99.64469441030288,0.12630854517286258
arch_baseline_pin__stress_light_0p40sun_temp_340k__Stress_matrix_jv_003_updated,0.4,66.85000000000002,200,22.4450712423294,22.441747081212423,0.02831611071707869,1.2682780150732176,1.2683412169532255,0.0004173015896816433,20.595032188325664,20.594414819130595,0.007721298408758138,0.8592984905535451,0.8592690111084891,0.0008140793791275003,99.24690391197204,99.23221008215147,0.12520679051958403
arch_baseline_pin__stress_light_0p40sun_temp_340k__Stress_matrix_jv_003_updated,0.4,66.85000000000002,300,22.356693375213165,22.35411084077386,0.028062476252352645,1.2664474001154606,1.2663368361351102,0.00041064965316579735,20.58767094036307,20.587058420348864,0.007714672052282616,0.8574586691106661,0.8574973722415984,0.0007996112324452952,98.85611746309286,98.84470311036239,0.12408529477848057
arch_baseline_pin__stress_light_0p40sun_temp_340k__Stress_matrix_jv_003_updated,0.4,66.85000000000002,400,22.26884808286111,22.26830976899594,0.027972533642659732,1.2645818609175647,1.26439575569211,0.00040782831177638064,20.58032510529974,20.57984453624835,0.007717572297480703,0.8556547656334943,0.8557240920725696,0.0007939482646198402,98.46768593640913,98.46530979953232,0.12368759710652244
arch_baseline_pin__stress_light_0p40sun_temp_340k__Stress_matrix_jv_003_updated,0.4,66.85000000000002,500,22.181530067817995,22.185660931032963,0.027962976089362067,1.2625795383097598,1.2625304265890978,0.00040757647277265207,20.57299428590077,20.57276942272152,0.007724023266518215,0.8539555156916477,0.8540473063812883,0.0007927409497574041,98.0815859078013,98.09985518194581,0.12364534304138383
arch_baseline_pin__stress_light_0p40sun_temp_340k__Stress_matrix_jv_003_updated,0.4,66.85000000000002,600,22.09473312132685,22.106844737101564,0.028020672248121957,1.2607229040436794,1.2607530416981856,0.0004088535534699174,20.56567888045364,20.565796819989043,0.00773431650929848,0.852169658248223,0.852482484195458,0.0007948487706422163,97.6977899235848,97.75134783543153,0.12390046583120665
arch_baseline_pin__stress_light_0p40sun_temp_340k__Stress_matrix_jv_003_updated,0.4,66.85000000000002,800,21.92533404905972,21.958217000539822,0.028281618707565452,1.2573789343157291,1.2574822423396586,0.0004151397216434101,20.55109324799764,20.551933796349562,0.007763616253507736,0.8484868365044402,0.8495338795724219,0.0008038786676560647,96.94874648030238,97.09414984246938,0.12505430619857824
arch_baseline_pin__stress_light_0p40sun_temp_340k__Stress_matrix_jv_003_updated,0.4,66.85000000000002,1000,21.798976058480505,21.816659949001725,0.029132438776110794,1.2544389975801402,1.25457374422194,0.00043275029035556845,20.536567941139964,20.537814483210486,0.007828184376823512,0.846172060430703,0.8466152365405988,0.0008370258734282002,96.39002072647745,96.46821722069834,0.12881641731288146
arch_baseline_pin__stress_light_0p40sun_temp_360k__Stress_matrix_jv_003_updated,0.4,86.85000000000002,0,22.615386836904968,22.6147837613871,0.029699356617449685,1.272170300528299,1.2721455824411834,0.0004496155272013568,20.609134087538248,20.608903682162257,0.007955931870327783,0.8625792832080204,0.8625661240195923,0.0008611970337965618,100.0,99.99733326135504,0.13132059785757316
arch_baseline_pin__stress_light_0p40sun_temp_360k__Stress_matrix_jv_003_updated,0.4,86.85000000000002,50,22.489543789168728,22.489893457247597,0.029229216799722627,1.2692485723023352,1.2695156098418914,0.00043759141273005904,20.598730590379844,20.59798245506524,0.007871352858711694,0.8601882473963051,0.860136159467376,0.0008450784790594666,99.44355120412584,99.44509712702603,0.12924179377094513
arch_baseline_pin__stress_light_0p40sun_temp_360k__Stress_matrix_jv_003_updated,0.4,86.85000000000002,100,22.337594802149948,22.33516283983422,0.02852211461314291,1.2660720981112257,1.2660253996724355,0.000420774782541421,20.58608450508366,20.585335065246582,0.007760105969992804,0.8570461723174667,0.8569734718017993,0.0008228787199975612,98.77166799419189,98.76091362113222,0.12611524816712846
arch_baseline_pin__stress_light_0p40sun_temp_360k__Stress_matrix_jv_003_updated,0.4,86.85000000000002,200,22.03828742053444,22.058941547667683,0.028273167484502672,1.2595922469365206,1.2599862504798365,0.00041204878531640873,20.56092704480774,20.560447100023342,0.007734692634095494,0.8509522126595205,0.8513193205329483,0.0008095260036569418,97.44820011025064,97.5395283590784,0.12501447948705638
arch_baseline_pin__stress_light_0p40sun_temp_360k__Stress_matrix_jv_003_updated,0.4,86.85000000000002,300,21.79343461514864,21.810568818464972,0.02801938271706464,1.254331009011623,1.2547543816915168,0.00040554732472331174,20.535947075090807,20.536079641183925,0.007728085926496697,0.8460553666512133,0.8461806846966772,0.0007951412740909962,96.36551774380872,96.44128238405959,0.12389228264842003
arch_baseline_pin__stress_light_0p40sun_temp_360k__Stress_matrix_jv_003_updated,0.4,86.85000000000002,400,21.57921704792643,21.58202264891585,0.027929441419407026,1.2500223150947276,1.2502202761702466,0.0004027936146289407,20.511142604419376,20.51212878788402,0.007730976606448122,0.8416432857850075,0.8413785984281925,0.0007895282215990211,95.41829730151836,95.43070343234072,0.12349457482748546
arch_baseline_pin__stress_light_0p40sun_temp_360k__Stress_matrix_jv_003_updated,0.4,86.85000000000002,500,21.36847546522384,21.370737278500858,0.02791981475581771,1.2463929596678154,1.2462654220893516,0.0004025534748922752,20.486511638456967,20.488453175112873,0.00773741307697608,0.8368556190813886,0.8368588643360575,0.000788326973348413,94.48644685729474,94.49644769370003,0.12345199656457831
arch_baseline_pin__stress_light_0p40sun_temp_360k__Stress_matrix_jv_003_updated,0.4,86.85000000000002,600,21.16110978185783,21.173144810792564,0.02797739818807804,1.243071229004432,1.242784176143365,0.00040381261467164846,20.46205205139636,20.46493293424057,0.007747699892416729,0.8319423649291268,0.8325105157073758,0.0007904212123519818,93.56952385765088,93.62273913939406,0.12370660796757271
arch_baseline_pin__stress_light_0p40sun_temp_360k__Stress_matrix_jv_003_updated,0.4,86.85000000000002,800,20.79719243272989,20.808486675768734,0.02823761259837151,1.2366526640540003,1.2369107300591773,0.00040998833290103374,20.41363970776818,20.418043014015872,0.007777074027938905,0.8238279600879825,0.8240914285645965,0.0007993116799419253,91.9603656692352,92.01030502873867,0.124857191320764
arch_baseline_pin__stress_light_0p40sun_temp_360k__Stress_matrix_jv_003_updated,0.4,86.85000000000002,1000,20.482171837019944,20.47632897118515,0.029087458397924756,1.231641029627387,1.2320921682712778,0.00042729418110408544,20.36589002703522,20.37113236740502,0.007841897563953242,0.8165606791030331,0.8160383754247036,0.0008322137013325798,90.56741759374228,90.54158037291535,0.12861496325180874
arch_baseline_pin__stress_light_0p40sun_temp_380k__Stress_matrix_jv_003_updated,0.4,106.85000000000002,0,22.61538684362013,22.615141041777136,0.03054113897080077,1.2721702981683016,1.2721903641369876,0.0004669064381607787,20.60913395742902,20.60866508690315,0.007939769237333983,0.8625792905099324,0.8625769189852595,0.0008715183305482439,100.0,99.99891297614097,0.13504594188465702
arch_baseline_pin__stress_light_0p40sun_temp_380k__Stress_matrix_jv_003_updated,0.4,106.85000000000002,50,22.23868417305623,22.245855055249944,0.030022790302231366,1.263897128129284,1.2638992518957677,0.0004526780170900836,20.577841252407463,20.576635525472142,0.007850319971950605,0.8550618844603899,0.8552915474390352,0.0008539730088627101,98.33430808339163,98.36601579786651,0.1327539222674469
arch_baseline_pin__stress_light_0p40sun_temp_380k__Stress_matrix_jv_003_updated,0.4,106.85000000000002,100,21.828667957916164,21.83980236520924,0.029187464247753314,1.2551328331575269,1.2553797505520872,0.0004326618346642031,20.54004829661178,20.539373255827282,0.007736865193777621,0.8467127193744745,0.8469438366134467,0.0008289098166996456,96.52131139235456,96.57054465844756,0.1290602967209481
arch_baseline_pin__stress_light_0p40sun_temp_380k__Stress_matrix_jv_003_updated,0.4,106.85000000000002,200,21.19029863807552,21.18924571400167,0.028964523822355863,1.2436385369329297,1.2433104678572249,0.0004246682194041602,20.465649797651903,20.467398984130956,0.00771205130287552,0.8325635010534927,0.8328305210041688,0.0008161830104252356,93.69859018818144,93.69393343406796,0.12807450760583966
arch_baseline_pin__stress_light_0p40sun_temp_380k__Stress_matrix_jv_003_updated,0.4,106.85000000000002,300,20.657869703628627,20.660530364179724,0.028715758766664472,1.2343578486478837,1.2346998387832175,0.00041840537199323694,20.39278881537696,20.39719124949671,0.007705678983465496,0.8206686231399551,0.8206107772237308,0.0008019665679340944,91.34431281884652,91.35607671794722,0.1269745241956541
arch_baseline_pin__stress_light_0p40sun_temp_380k__Stress_matrix_jv_003_updated,0.4,106.85000000000002,400,20.19079828104003,20.19996872648459,0.02862864326460274,1.227786091040488,1.2279644201716258,0.00041562408263424045,20.32141300872906,20.328069963348472,0.007708904746343156,0.809239137060332,0.8095310764062027,0.0007964779590026555,89.27903122177156,89.31958010368014,0.12658931896249198
arch_baseline_pin__stress_light_0p40sun_temp_380k__Stress_matrix_jv_003_updated,0.4,106.85000000000002,500,19.76115132081382,19.784071711459656,0.02861314467241411,1.2227308380909034,1.222392193468558,0.00041527038824207784,20.25147255971928,20.259600592946633,0.007715360244302693,0.7980402029079863,0.7992058719894161,0.0007951562861772076,87.37923192496044,87.4805800668264,0.1265207865988183
arch_baseline_pin__stress_light_0p40sun_temp_380k__Stress_matrix_jv_003_updated,0.4,106.85000000000002,600,19.397140727248328,19.402568413539395,0.028661606941570588,1.2175365161684488,1.2176131210954793,0.0004166680147957067,20.18292070674773,20.191697158507395,0.0077252548235029255,0.7893538059009684,0.78950664762061,0.0007970030265939569,85.76966143172706,85.79366101953453,0.1267350751051579
arch_baseline_pin__stress_light_0p40sun_temp_380k__Stress_matrix_jv_003_updated,0.4,106.85000000000002,800,18.70891832351265,18.723791205296514,0.02894842495694822,1.209666028771207,1.209656339149887,0.00042419707184789034,20.04980158134275,20.05803809965252,0.007753618615076257,0.7713884208591192,0.7718992967713092,0.0008064024303383429,82.72650144293463,82.79226570960648,0.1280033206660854
arch_baseline_pin__stress_light_0p40sun_temp_380k__Stress_matrix_jv_003_updated,0.4,106.85000000000002,1000,18.138258096703947,18.138465781731696,0.02991308992291795,1.2038046558317417,1.20314147701578,0.0004433979624584711,19.921714480089832,19.928449363185777,0.007820498617138861,0.7563326472938033,0.7565616055800013,0.0008420364840701502,80.20317415804368,80.20409261013597,0.13226885135724623
arch_baseline_pin__stress_light_0p40sun_temp_400k__Stress_matrix_jv_003_updated,0.4,126.85000000000002,0,22.61538671491124,22.61889134049361,0.032931412207706186,1.272170300757761,1.272247472884895,0.0005282487102290808,20.60913397129403,20.609635923278184,0.007941739791717656,0.8625792832647537,0.8626315978594228,0.0008765967082493459,100.0,100.01549711776805,0.14562136672966533
arch_baseline_pin__stress_light_0p40sun_temp_400k__Stress_matrix_jv_003_updated,0.4,126.85000000000002,50,21.69886530644578,21.71016509767953,0.03239082178806633,1.2523956091190618,1.2525975932190019,0.0005148324225851112,20.525207586193684,20.530725873570777,0.00780571616084382,0.84412726786383,0.8442546694571019,0.0008615327182657792,95.94735469254144,95.99732202486942,0.14323089076298973
arch_baseline_pin__stress_light_0p40sun_temp_400k__Stress_matrix_jv_003_updated,0.4,126.85000000000002,100,20.873615812997063,20.903087821099135,0.03167238801225035,1.238116330541686,1.237914252200158,0.0004932656994922443,20.42546651550009,20.433130202406545,0.007722575179690029,0.825399591081734,0.8267256593284998,0.0008418058029787185,92.2982926453088,92.42861225458137,0.14005396437780968
arch_baseline_pin__stress_light_0p40sun_temp_400k__Stress_matrix_jv_003_updated,0.4,126.85000000000002,200,19.665536609852577,19.694272467001404,0.03135683512639518,1.2213584748471795,1.2205706353453016,0.0004844201609475012,20.23407432465558,20.247541677263186,0.007684542306881945,0.7957548792559326,0.7973296565994773,0.0008260302129554052,86.9564463246003,87.08350748523517,0.1386586011361676
arch_baseline_pin__stress_light_0p40sun_temp_400k__Stress_matrix_jv_003_updated,0.4,126.85000000000002,300,18.71824429737645,18.72196679160041,0.031131936672777638,1.2098595633568925,1.2092356256378012,0.0004784816515129586,20.052680599794243,20.06152464008771,0.0076812285319737455,0.771538696477901,0.7722126343362191,0.0008118505416705678,82.76773920931785,82.78419845499108,0.13766414001775532
arch_baseline_pin__stress_light_0p40sun_temp_400k__Stress_matrix_jv_003_updated,0.4,126.85000000000002,400,17.95608768547486,17.913530867216647,0.031079044241589776,1.2021958905901815,1.2006814900996223,0.0004764170086118392,19.8804383317602,19.885150266266848,0.007690208798392158,0.7512950419057789,0.7508390090265191,0.0008071704302657665,79.3976592654756,79.20948129417663,0.13743026427432875
arch_baseline_pin__stress_light_0p40sun_temp_400k__Stress_matrix_jv_003_updated,0.4,126.85000000000002,500,17.274449927121548,17.22353483701169,0.031111726390108996,1.1950301493012705,1.193772739764025,0.0004766633900852124,19.7165985367918,19.717763657466918,0.0077047239658467005,0.7331508985936009,0.7323264550585815,0.0008072183241635198,76.38361503556251,76.15847750261972,0.1375747928305147
arch_baseline_pin__stress_light_0p40sun_temp_400k__Stress_matrix_jv_003_updated,0.4,126.85000000000002,600,16.70546268692285,16.622595463140797,0.031198829787353614,1.189256907520812,1.1879505001544055,0.00047810912133832524,19.5604917834306,19.558084707714745,0.007723616929953065,0.7181299781381446,0.7160763029776509,0.0008102131071326098,73.86768529546418,73.5012624599288,0.13795995701219219
arch_baseline_pin__stress_light_0p40sun_temp_400k__Stress_matrix_jv_003_updated,0.4,126.85000000000002,800,15.718248086825731,15.620477843541014,0.03143306023220906,1.180519358178766,1.1784235060407733,0.0004849259371713416,19.26915981470836,19.260488043679885,0.007761291857858454,0.6909844075286798,0.6889684887622586,0.0008170244292276278,69.50245107443621,69.07013117874499,0.13899571437414773
arch_baseline_pin__stress_light_0p40sun_temp_400k__Stress_matrix_jv_003_updated,0.4,126.85000000000002,1000,14.917341637144764,14.816443339041122,0.03233655375919059,1.1722066159519664,1.1707340315679113,0.0005067635872697882,19.00237983697316,18.991886518092457,0.007809758084749934,0.669698417849741,0.6674448146022338,0.000851391854299533,65.96102832638789,65.51487603293947,0.1429909195775749
arch_baseline_pin__stress_light_0p60sun_temp_300k__Stress_matrix_jv_003_updated,0.6,26.850000000000023,0,22.615386836445072,22.615349713745598,0.03717146918512439,1.27217030119155,1.2721739036167894,0.0005866899896997664,20.60913395881552,20.609168798400265,0.008591327547955777,0.86257928812836,0.8625787710285535,0.000982797246017456,100.0,99.99983517537751,0.16435959104009326
arch_baseline_pin__stress_light_0p60sun_temp_300k__Stress_matrix_jv_003_updated,0.6,26.850000000000023,50,22.61266235903088,22.613858959076374,0.036541352376143185,1.2721031529916715,1.2721486182012598,0.000570781161786799,20.608904008141312,20.609176264654494,0.008444475629251458,0.8625305229188621,0.8625536876403656,0.000965267271330065,99.9879529922088,99.99324334086828,0.1615733568542067
arch_baseline_pin__stress_light_0p60sun_temp_300k__Stress_matrix_jv_003_updated,0.6,26.850000000000023,100,22.609341279182143,22.609744136531376,0.03563352978771298,1.2720215046550638,1.2720207368221907,0.000545040800020131,20.60862354907661,20.60898836614613,0.008348751926698336,0.8624709375669395,0.862478896955963,0.0009408513664435847,99.97326794670084,99.97504882896683,0.1575593068226244
arch_baseline_pin__stress_light_0p60sun_temp_300k__Stress_matrix_jv_003_updated,0.6,26.850000000000023,200,22.60270154220052,22.60257013010775,0.03532289694934999,1.2718589372838025,1.2718000553874165,0.0005357463647032248,20.60806263128105,20.60853027026633,0.0083106766508937,0.8623513324589702,0.8623623306012536,0.0009252886326575784,99.94390856837296,99.94332736098568,0.15618573437758082
arch_baseline_pin__stress_light_0p60sun_temp_300k__Stress_matrix_jv_003_updated,0.6,26.850000000000023,300,22.596065135802,22.5965494959694,0.03511518400882517,1.2716973348879783,1.2716401279527378,0.0005297187884010743,20.607501978916105,20.608017724751786,0.008308334608850818,0.8622311459725497,0.8622614907323032,0.0009122124213241804,99.9145639171118,99.91670533117711,0.15526726087430545
arch_baseline_pin__stress_light_0p60sun_temp_300k__Stress_matrix_jv_003_updated,0.6,26.850000000000023,400,22.58943191133057,22.590316617767137,0.0350679395580136,1.2715366852751524,1.271519401477456,0.0005276223960158,20.606941327244414,20.60746432992312,0.008317977078072908,0.8621103918456988,0.8621428701433109,0.0009079536020812587,99.88523333559488,99.88914476431427,0.15505835629972414
arch_baseline_pin__stress_light_0p60sun_temp_300k__Stress_matrix_jv_003_updated,0.6,26.850000000000023,500,22.582801867125028,22.583716194121468,0.03510466649956001,1.2713769799327626,1.2714139770819908,0.0005279610379847734,20.60638080845494,20.606893206492124,0.008333212640877712,0.8619890703220942,0.8620089749125089,0.000908209730766135,99.85591681647676,99.85995913450802,0.15522076247662878
arch_baseline_pin__stress_light_0p60sun_temp_300k__Stress_matrix_jv_003_updated,0.6,26.850000000000023,600,22.57617485137786,22.576899144485118,0.035195670515110175,1.2712182054397825,1.2713078356025513,0.0005296981190086874,20.605820289665463,20.606321249401656,0.008352726523471838,0.861867190332963,0.8618684755911453,0.000911160445325403,99.8266136884998,99.82981576044514,0.15562316884613672
arch_baseline_pin__stress_light_0p60sun_temp_300k__Stress_matrix_jv_003_updated,0.6,26.850000000000023,800,22.5629303626406,22.562853624299017,0.03548462673782318,1.2709034224134286,1.2710625066961334,0.0005380304952407902,20.604699517157723,20.605192456136223,0.008392342477718856,0.861621779636114,0.8615827876039437,0.0009192809093770277,99.76804962840636,99.76770996569883,0.15690084178186542
arch_baseline_pin__stress_light_0p60sun_temp_300k__Stress_matrix_jv_003_updated,0.6,26.850000000000023,1000,22.54969859227453,22.547948476500594,0.03650090164919968,1.2705922687165632,1.2707586996919733,0.0005620690515265848,20.60357914296281,20.604035653579853,0.008446762754715908,0.8613742061386314,0.8612864857688992,0.0009560493968333538,99.70954180600316,99.70180311756363,0.1613944940629894
arch_baseline_pin__stress_light_0p60sun_temp_320k__Stress_matrix_jv_003_updated,0.6,46.85000000000002,0,22.61538683632693,22.61540923826698,0.030890241980754133,1.2721702984788308,1.2721682403027688,0.00047666554060910715,20.609133952576265,20.60923136563154,0.008047323615340699,0.8625792902243187,0.8625805899812347,0.0008881910753380185,100.0,100.00009950387047,0.13658773216290734
arch_baseline_pin__stress_light_0p60sun_temp_320k__Stress_matrix_jv_003_updated,0.6,46.85000000000002,50,22.60226208742299,22.60210706645436,0.030363514286313925,1.271848324403977,1.2718111283154094,0.0004615569724237484,20.608025367529507,20.60829819474897,0.007956686157361038,0.8623433211371935,0.8623453032943302,0.0008699395572610614,99.94196540170228,99.94128097476863,0.13425878376721767
arch_baseline_pin__stress_light_0p60sun_temp_320k__Stress_matrix_jv_003_updated,0.6,46.85000000000002,100,22.586277619896872,22.587801755694976,0.029509808731931913,1.271460758250673,1.271465798598994,0.00044055828393361085,20.60667378879343,20.606998911031454,0.007840535430832152,0.8620526773315458,0.8620985033050105,0.0008437280726455489,99.8712857903306,99.8780249347708,0.130484097294672
arch_baseline_pin__stress_light_0p60sun_temp_320k__Stress_matrix_jv_003_updated,0.6,46.85000000000002,200,22.554364712084983,22.557505143795765,0.029281872855003666,1.270701885315998,1.2708041190830515,0.00043198723287495917,20.603972362949733,20.60437567301911,0.00781608422544134,0.8614616843828684,0.8615327095651824,0.0008304994396963617,99.73017430706103,99.74405928556435,0.12947624476376904
arch_baseline_pin__stress_light_0p60sun_temp_320k__Stress_matrix_jv_003_updated,0.6,46.85000000000002,300,22.522524643247127,22.523602542437715,0.02902951342285494,1.2699638122042531,1.270061948751058,0.000425374348447922,20.601272929697306,20.60169240376895,0.00780989430097203,0.8608582961688585,0.8608754477899937,0.0008159363191212569,99.58938490085592,99.59415077331752,0.12836038981629894
arch_baseline_pin__stress_light_0p60sun_temp_320k__Stress_matrix_jv_003_updated,0.6,46.85000000000002,400,22.490756501496225,22.48865877974761,0.028940272719758242,1.269245590756347,1.2692918911271378,0.00042241104354618275,20.5985754907565,20.598957912176356,0.00781311851500675,0.8602431296716807,0.860184051454675,0.0008102593071731478,99.44891353956189,99.43963848536815,0.12796580178080846
arch_baseline_pin__stress_light_0p60sun_temp_320k__Stress_matrix_jv_003_updated,0.6,46.85000000000002,500,22.459060895678668,22.45513053932818,0.02892422496198029,1.2685463497772853,1.2685244481663835,0.00042202976053641784,20.59588017728916,20.596206336463297,0.007819523700534424,0.8596168032060594,0.859520149293783,0.0008088858152414356,99.30876291535655,99.2913846396118,0.12789484617948887
arch_baseline_pin__stress_light_0p60sun_temp_320k__Stress_matrix_jv_003_updated,0.6,46.85000000000002,600,22.427437368002234,22.423428223243068,0.0289734560739796,1.2678652643247423,1.2677683492127216,0.000423495914098085,20.59318672627834,20.593464591957787,0.007829351160142068,0.8589798800559868,0.8588985092922199,0.0008107642936841546,99.16893100398887,99.15120403813766,0.12811252578083185
arch_baseline_pin__stress_light_0p60sun_temp_320k__Stress_matrix_jv_003_updated,0.6,46.85000000000002,800,22.364406252717824,22.363164219955273,0.02926745866153139,1.2665544527718324,1.2662952161817775,0.0004313957515324334,20.587806333893266,20.588030440765955,0.007858045030437369,0.8576763451656225,0.857731007656755,0.00082061149354868,98.89022201819712,98.88472932729698,0.12941245234949755
arch_baseline_pin__stress_light_0p60sun_temp_320k__Stress_matrix_jv_003_updated,0.6,46.85000000000002,1000,22.301660730323945,22.303392576402057,0.030247799697099814,1.265300513553565,1.264874440030497,0.0004512789123314296,20.582434182464823,20.58256179446014,0.007926142014830202,0.8563410933880213,0.8565658676362333,0.000857235073524054,98.61277585798774,98.6204319728254,0.13374715902625323
arch_baseline_pin__stress_light_0p60sun_temp_340k__Stress_matrix_jv_003_updated,0.6,66.85000000000002,0,22.615386836671856,22.615530368228892,0.030024267229858338,1.2721703001486886,1.272175464246544,0.0004566541921426391,20.6091340882315,20.609260529135177,0.00801060718411743,0.8625792834275037,0.8625841649721846,0.0008737420911029093,100.0,100.0006343987202,0.1327565814351718
arch_baseline_pin__stress_light_0p60sun_temp_340k__Stress_matrix_jv_003_updated,0.6,66.85000000000002,50,22.562883607476824,22.56496264009502,0.029549858479773032,1.270903198253318,1.2709269307285296,0.00044437629657622155,20.604693692650653,20.605210415524727,0.007925211924399132,0.8616203897064934,0.861682801218149,0.0008571977209962011,99.76784288690612,99.77703610060311,0.13065880944670002
arch_baseline_pin__stress_light_0p60sun_temp_340k__Stress_matrix_jv_003_updated,0.6,66.85000000000002,100,22.49914065995033,22.49837060624997,0.028829958999838153,1.269434445144293,1.2695502869406634,0.0004271906552259303,20.599286016865133,20.599936050714952,0.007812203788405479,0.8604061078777645,0.8603538312869092,0.0008342286548652424,99.48598634389477,99.48258117898033,0.12747553449309756
arch_baseline_pin__stress_light_0p60sun_temp_340k__Stress_matrix_jv_003_updated,0.6,66.85000000000002,200,22.37251645681357,22.36756670072561,0.028581295810484325,1.2667216482748962,1.2666181970985964,0.00041830422335565785,20.58849551580886,20.589230989284946,0.007787199038225078,0.8578454090288873,0.8577391946653635,0.0008207883234341079,98.9260834598484,98.90419580114136,0.12637591461218073
arch_baseline_pin__stress_light_0p60sun_temp_340k__Stress_matrix_jv_003_updated,0.6,66.85000000000002,300,22.24702815471932,22.239952771366323,0.028330513288171905,1.263990701775894,1.2637664180347656,0.0004116815877430933,20.577738239799515,20.57833672378857,0.0077807024153985676,0.8553236622165545,0.8551407696650862,0.0008065101365231248,98.37120326699328,98.33991654908372,0.12526694641739528
arch_baseline_pin__stress_light_0p60sun_temp_340k__Stress_matrix_jv_003_updated,0.6,66.85000000000002,400,22.12265727771096,22.11771208247757,0.028241402496665496,1.2612144627772892,1.2611087242928367,0.00040886888829435924,20.567013790524257,20.567389633364705,0.007783569312693789,0.8528587504985394,0.8526789669751811,0.0008009139719050719,97.82126406893066,97.79939806972855,0.12487288266938638
arch_baseline_pin__stress_light_0p60sun_temp_340k__Stress_matrix_jv_003_updated,0.6,66.85000000000002,500,21.99938534974508,22.00363324114428,0.028232382744060258,1.2587151381178223,1.2586732273306385,0.000408615053055968,20.556322299838087,20.55647470087275,0.007789926409096134,0.850232444444089,0.8503896813115758,0.0007997332698406668,97.27618416887788,97.29496904329508,0.12483299229005142
arch_baseline_pin__stress_light_0p60sun_temp_340k__Stress_matrix_jv_003_updated,0.6,66.85000000000002,600,21.89028899310852,21.896900734926067,0.02829024494768365,1.2564474389979214,1.2564504009068982,0.00040989069900079794,20.54566350195128,20.545627068383197,0.007800106215162204,0.8479827128311228,0.8482213170613222,0.0008018345031017737,96.79378536038324,96.82302307675555,0.12508885284137838
arch_baseline_pin__stress_light_0p60sun_temp_340k__Stress_matrix_jv_003_updated,0.6,66.85000000000002,800,21.7104362145122,21.698664709587852,0.02855383387549518,1.252469182952772,1.252542864092863,0.000416191997369157,20.52444332121702,20.524108159652325,0.007829660159511921,0.844559232761493,0.8440576490325538,0.000810972767277749,95.99851805014346,95.94646884696479,0.12625441421295494
arch_baseline_pin__stress_light_0p60sun_temp_340k__Stress_matrix_jv_003_updated,0.6,66.85000000000002,1000,21.533180091629475,21.513595191086647,0.029409242613061187,1.2490710016779991,1.2491893309666287,0.0004338182555101201,20.50335191775314,20.502630454732067,0.007895331359449725,0.8408067329160095,0.8399953030692683,0.0008441980590627214,95.21473254975442,95.12813308633037,0.1300368945394835
arch_baseline_pin__stress_light_0p60sun_temp_360k__Stress_matrix_jv_003_updated,0.6,86.85000000000002,0,22.615386909427425,22.615591976677994,0.030006838649921003,1.272170300252507,1.2721597161273113,0.0004522917483827006,20.60913395604252,20.60932421974408,0.008013344200725633,0.8625792916647667,0.8625886145028039,0.0008611119307089617,100.0,100.00090701751628,0.13268321695676605
arch_baseline_pin__stress_light_0p60sun_temp_360k__Stress_matrix_jv_003_updated,0.6,86.85000000000002,50,22.435869503307984,22.434006074201548,0.029548705692280696,1.2680497362181016,1.268026362070275,0.00044033401632353076,20.593905608972484,20.594540405473435,0.007927915670726383,0.8591478337661851,0.8591466120117952,0.0008455438878858746,99.20621563169183,99.19797674727688,0.13065747952637466
arch_baseline_pin__stress_light_0p60sun_temp_360k__Stress_matrix_jv_003_updated,0.6,86.85000000000002,100,22.220064243984304,22.218621256813506,0.02884570988183347,1.2633712006168478,1.2630697833395175,0.00042350655216305907,20.575423016373573,20.576077879326256,0.007814803100850042,0.8548020693489201,0.8548839923523376,0.0008237650615881315,98.25197478589976,98.24559387247491,0.127549024975495
arch_baseline_pin__stress_light_0p60sun_temp_360k__Stress_matrix_jv_003_updated,0.6,86.85000000000002,200,21.831499096168653,21.834552028799482,0.028618222760415677,1.255088522802004,1.255034492685631,0.0004149764574899252,20.538747648672523,20.538910203871946,0.00778980840065048,0.846906061404626,0.8470937857431251,0.0008115446240843923,96.53382974875392,96.54732836627716,0.1265431482262725
arch_baseline_pin__stress_light_0p60sun_temp_360k__Stress_matrix_jv_003_updated,0.6,86.85000000000002,300,21.52556066961762,21.510929858432984,0.028390955612710732,1.2489477392859971,1.2487042692411565,0.0004086228364714524,20.502453923673706,20.5022568140786,0.007783315472756684,0.8406289868735837,0.8401936071844138,0.0007983681223670421,95.18104092503718,95.11634636128082,0.12553824242967626
arch_baseline_pin__stress_light_0p60sun_temp_360k__Stress_matrix_jv_003_updated,0.6,86.85000000000002,400,21.226999755311788,21.220070110353255,0.02831227104369809,1.2441161260774851,1.2435041616280091,0.00040593500278785774,20.46653466317008,20.466075300213664,0.0077861810512942446,0.833649281420423,0.8337286319625151,0.0007933000817402515,93.86087375079627,93.83023212930814,0.12519032622367757
arch_baseline_pin__stress_light_0p60sun_temp_360k__Stress_matrix_jv_003_updated,0.6,86.85000000000002,500,20.93634826050464,20.951203973719714,0.028306417650782328,1.2391744796938289,1.2390874685889488,0.00040571169022784255,20.43098415345777,20.430302445248675,0.007792534070538683,0.826949875562687,0.8275452575101943,0.000792256668769072,92.5756801966414,92.6413684933306,0.12516444598731816
arch_baseline_pin__stress_light_0p60sun_temp_360k__Stress_matrix_jv_003_updated,0.6,86.85000000000002,600,20.70722734263963,20.700700478287537,0.02836246867693214,1.2350817941345738,1.2352416669106785,0.0004069717677028689,20.395795617056407,20.39489362775713,0.007802713829518971,0.8220260494987657,0.8216452225711031,0.0007942704598677166,91.56256059456422,91.53370021224436,0.12541228860890596
arch_baseline_pin__stress_light_0p60sun_temp_360k__Stress_matrix_jv_003_updated,0.6,86.85000000000002,800,20.26336490888362,20.24740755118282,0.02861616990126199,1.2286274121101977,1.228757736055021,0.00041313847263110137,20.32648200734853,20.32508010182547,0.007832283069402111,0.8113890543953486,0.8107586855710773,0.0008028375206743115,89.5999037736412,89.52934452308612,0.12653408209443578
arch_baseline_pin__stress_light_0p60sun_temp_360k__Stress_matrix_jv_003_updated,0.6,86.85000000000002,1000,19.83753180952479,19.84768888764305,0.029436808632272535,1.2236543266318771,1.2233935289897313,0.00043035763456598794,20.25854692218655,20.256598458322102,0.007898003263068798,0.800240623869042,0.8010211622993976,0.0008344383894261256,87.71696849128564,87.76188222722942,0.13016272435886583
arch_baseline_pin__stress_light_0p60sun_temp_380k__Stress_matrix_jv_003_updated,0.6,106.85000000000002,0,22.61538684362364,22.615533367382742,0.03066101734612243,1.2721702980641427,1.2721844100009791,0.0004735319365622635,20.60913395673577,20.60950665116248,0.007994181855680038,0.8625792906097054,0.8625804631411645,0.0008852445803723088,100.0,100.00064820867942,0.1355728831133434
arch_baseline_pin__stress_light_0p60sun_temp_380k__Stress_matrix_jv_003_updated,0.6,106.85000000000002,50,22.080362661854515,22.078963548595343,0.030143704404919324,1.260353779907704,1.260268720770735,0.00045883101539339753,20.56339164518872,20.564574792454994,0.007904165104952334,0.8519595725393485,0.8518980487692113,0.000867145978557306,97.63424704839848,97.62806224633594,0.1332854740584718
arch_baseline_pin__stress_light_0p60sun_temp_380k__Stress_matrix_jv_003_updated,0.6,106.85000000000002,100,21.57506264765135,21.561436278951145,0.029299271220657824,1.249864490925804,1.2495846495872573,0.00043820167385666056,20.50840461301472,20.508451917360105,0.007788532584805072,0.841699867027232,0.8412805266630944,0.0008410306359695614,95.39992747784632,95.33967619057391,0.12955165936619825
arch_baseline_pin__stress_light_0p60sun_temp_380k__Stress_matrix_jv_003_updated,0.6,106.85000000000002,200,20.740175042023388,20.746479448038002,0.029085360289654753,1.2356610771102932,1.2359239520790002,0.0004299790718044184,20.40096745744123,20.39928447393584,0.007764292650851037,0.8227393846735447,0.8227620154766285,0.0008282342990176198,91.70824795274744,91.73612699995516,0.1286057914441085
arch_baseline_pin__stress_light_0p60sun_temp_380k__Stress_matrix_jv_003_updated,0.6,106.85000000000002,300,20.07468269571937,20.064366772716117,0.028845117519972912,1.226343724391466,1.2265291843975805,0.000423642479572529,20.29677204031581,20.292882173534373,0.0077579930013999005,0.8065095279497247,0.8062085145490614,0.000814080291210827,88.76559501072336,88.71998159440788,0.12754345158445904
arch_baseline_pin__stress_light_0p60sun_temp_380k__Stress_matrix_jv_003_updated,0.6,106.85000000000002,400,19.502767181158912,19.47808780723428,0.028761039538500188,1.2190568738784102,1.219290018472668,0.0004208146936319208,20.195657977512223,20.190172981266635,0.00776115260005566,0.7921624670411265,0.7914529201758069,0.0008085726909650883,86.2367171342801,86.12759097861203,0.12717166210061245
arch_baseline_pin__stress_light_0p60sun_temp_380k__Stress_matrix_jv_003_updated,0.6,106.85000000000002,500,19.000859007755427,18.96486897460646,0.02874587872126176,1.212861245611868,1.2133754491563842,0.00042046957982893197,20.09747658158788,20.09093284207375,0.007767463864464341,0.7795080145506957,0.778232233401502,0.0008072331696313633,84.017395497759,83.85825610290114,0.1271046119836611
arch_baseline_pin__stress_light_0p60sun_temp_380k__Stress_matrix_jv_003_updated,0.6,106.85000000000002,600,18.52766308306366,18.50827602948151,0.02879346929104126,1.2079908312782064,1.2083556465062257,0.00042191378279301324,20.00208886045043,19.99477083234699,0.007777191585745473,0.7667992057693637,0.7662953741240324,0.0008090738735341573,81.9250327716039,81.83930808657824,0.1273150380973008
arch_baseline_pin__stress_light_0p60sun_temp_380k__Stress_matrix_jv_003_updated,0.6,106.85000000000002,800,17.752935737072015,17.72356595204795,0.029082635203481727,1.2003462317868725,1.2000881158749186,0.0004296614783003969,19.8191810061092,19.810801330711058,0.007805748784426543,0.7462390018724969,0.745522862809358,0.0008188678167240081,78.49936797378912,78.3695024261355,0.1285936429609303
arch_baseline_pin__stress_light_0p60sun_temp_380k__Stress_matrix_jv_003_updated,0.6,106.85000000000002,1000,17.063343858447173,17.06793912847484,0.030042512199413302,1.19314923906548,1.193369140993523,0.00044915606989558355,19.64598872596412,19.637511905081393,0.007873787077849711,0.7279398311865445,0.7280240420439483,0.0008549938925599658,75.45015248438321,75.47047363600318,0.13283799024164028
arch_baseline_pin__stress_light_0p60sun_temp_400k__Stress_matrix_jv_003_updated,0.6,126.85000000000002,0,22.61538671491963,22.613825042018348,0.03608904439855966,1.2721703007583245,1.2721256001503511,0.0005692096475519872,20.60913397060078,20.60921242253976,0.007363215305610299,0.8625792832937073,0.8625608727782478,0.0009379723811994165,100.0,99.99309432630936,0.15958338353646315
arch_baseline_pin__stress_light_0p60sun_temp_400k__Stress_matrix_jv_003_updated,0.6,126.85000000000002,50,21.394142496486538,21.37771527691973,0.03547846559538607,1.2467580694810814,1.2465878955271308,0.0005543117231378622,20.48691080834271,20.482590642583506,0.0072345157400806135,0.8375991338959352,0.8371402968617468,0.0009212535608334867,94.59994103206104,94.52730328931172,0.1568834874529697
arch_baseline_pin__stress_light_0p60sun_temp_400k__Stress_matrix_jv_003_updated,0.6,126.85000000000002,100,20.3681383206634,20.35376077175238,0.03461383007631662,1.2300921270954075,1.2308443480898403,0.0005302167142397822,20.34340301499786,20.337950664047966,0.007158786476038174,0.8139356933062064,0.8129182537897561,0.0008984551320390673,90.06318829483602,89.9996140739831,0.1530601748227678
arch_baseline_pin__stress_light_0p60sun_temp_400k__Stress_matrix_jv_003_updated,0.6,126.85000000000002,200,18.99308694470547,18.952865433394113,0.03431321563728108,1.2128550626242762,1.2130321382201248,0.0005218164668527384,20.09665439104796,20.086872218972097,0.007122810775795722,0.779225016989247,0.777631993718104,0.0008830764475251386,83.98302971390498,83.80517876321866,0.15173094889411762
arch_baseline_pin__stress_light_0p60sun_temp_400k__Stress_matrix_jv_003_updated,0.6,126.85000000000002,300,17.855695376385544,17.883098531960393,0.0341199788255083,1.2015472129206866,1.2015947182256834,0.0005165064146724946,19.8448537089318,19.849949688552798,0.0071189003746301325,0.7488382608608791,0.7494863087163013,0.0008701606372942051,78.95374773585426,79.07491780831867,0.1508765483413083
arch_baseline_pin__stress_light_0p60sun_temp_400k__Stress_matrix_jv_003_updated,0.6,126.85000000000002,400,16.934672421139307,16.997601068827567,0.03407900514417128,1.1919392864462306,1.1929062771997607,0.000514746265380415,19.61097938838928,19.61908693422492,0.007127086844268357,0.7244749650219416,0.7257280372197643,0.0008659842561604904,74.88119763155458,75.15945450601943,0.15069539781171792
arch_baseline_pin__stress_light_0p60sun_temp_400k__Stress_matrix_jv_003_updated,0.6,126.85000000000002,500,16.17531265529496,16.24670412030238,0.03411854534213375,1.1849507019293892,1.1857916785807703,0.0005151614274612186,19.392991074929085,19.400777836204703,0.007140519631329013,0.7038945519337702,0.7054078656515893,0.0008662677987219034,71.52348469294103,71.83916350239262,0.15087025103564977
arch_baseline_pin__stress_light_0p60sun_temp_400k__Stress_matrix_jv_003_updated,0.6,126.85000000000002,600,15.522532242223049,15.599375608081527,0.03420774420361261,1.1792898091571695,1.179710726758641,0.0005168129221721154,19.18915758141382,19.19621544946417,0.007158343105361079,0.6859399788418652,0.6878401222701965,0.0008691735280799111,68.6370409575294,68.97682786120252,0.151264674528551
arch_baseline_pin__stress_light_0p60sun_temp_400k__Stress_matrix_jv_003_updated,0.6,126.85000000000002,800,14.451852861906636,14.53101741531039,0.03448238873935078,1.1684938895173955,1.1695812244491872,0.0005245515324136359,18.818249214428818,18.824348653919124,0.007194687225269854,0.6572307427914443,0.6588953331946388,0.0008767657685519839,63.90274481741487,64.25279684095534,0.1524791082881036
arch_baseline_pin__stress_light_0p60sun_temp_400k__Stress_matrix_jv_003_updated,0.6,126.85000000000002,1000,13.622482025769182,13.674015079474966,0.03544702884814024,1.1606324162399049,1.1612473254805074,0.0005468471806619499,18.4887129281516,18.49516006818707,0.007240251473906825,0.6348262377670857,0.6358473877446101,0.0009120552442047723,60.23545914774154,60.46333174598205,0.1567445389453844
arch_baseline_pin__stress_light_0p80sun_temp_300k__Stress_matrix_jv_003_updated,0.8,26.850000000000023,0,22.61538683565664,22.61614012934804,0.04548302563806196,1.2721703011938534,1.2721850459838964,0.0006931353816565226,20.609133958122268,20.609253995733,0.011648558086930844,0.8625792881257418,0.862591917391462,0.0012221475191871605,100.0,100.00333144748106,0.20111734563328681
arch_baseline_pin__stress_light_0p80sun_temp_300k__Stress_matrix_jv_003_updated,0.8,26.850000000000023,50,22.611842867815355,22.611736203731972,0.04365258372441685,1.2720825614981162,1.2720472403871097,0.0006579547837841866,20.608831026941647,20.608578625929955,0.011054360394775134,0.8625162803516172,0.8625142919162094,0.0011699298582356853,99.98432939543756,99.98385770675247,0.19302354034343797
arch_baseline_pin__stress_light_0p80sun_temp_300k__Stress_matrix_jv_003_updated,0.8,26.850000000000023,100,22.60752298206743,22.604966907050056,0.04188800742708309,1.2719759604428795,1.2718230230314884,0.0006228759133149781,20.60846163285113,20.608056627622958,0.01068237422045394,0.8624392305866829,0.8624064151737315,0.0011167091106735031,99.96522786169278,99.95392478342632,0.18522094421555071
arch_baseline_pin__stress_light_0p80sun_temp_300k__Stress_matrix_jv_003_updated,0.8,26.850000000000023,200,22.5988873006589,22.594589351943856,0.04154974119784798,1.2717640037113311,1.2715175046820957,0.0006117845131274366,20.607722845003945,20.607051295265336,0.010643068463530003,0.8622843878947887,0.8622445043980841,0.0011010711310792478,99.92704287962158,99.90803740984833,0.18372515569825731
arch_baseline_pin__stress_light_0p80sun_temp_300k__Stress_matrix_jv_003_updated,0.8,26.850000000000023,300,22.59025737205925,22.58592859030696,0.04137007926599411,1.2715536899310846,1.2713420434131093,0.0006063105200215308,20.6069841903984,20.606071921931708,0.010649027014325041,0.8621285722010045,0.8620869687498007,0.0010888615498811976,99.88888333513816,99.869741441118,0.18293076405511496
arch_baseline_pin__stress_light_0p80sun_temp_300k__Stress_matrix_jv_003_updated,0.8,26.850000000000023,400,22.58163289583688,22.577447125393725,0.04136583967518431,1.271344994887008,1.2712136124384479,0.0006051038554712601,20.606245801557293,20.605131743072803,0.010671362555500507,0.861971783059494,0.8619162486197466,0.00108533783788601,99.8507478998036,99.83223881128468,0.18291203037867035
arch_baseline_pin__stress_light_0p80sun_temp_300k__Stress_matrix_jv_003_updated,0.8,26.850000000000023,500,22.57301387415068,22.569254533278446,0.04147592111904335,1.2711378977000949,1.271088229859179,0.0006071524671195288,20.60550754526457,20.60425238092661,0.010703941856846283,0.8618140404300055,0.8617490917486813,0.0010870682431383854,99.81263658316404,99.7960137323936,0.18339881401809308
arch_baseline_pin__stress_light_0p80sun_temp_300k__Stress_matrix_jv_003_updated,0.8,26.850000000000023,600,22.564400303846792,22.561395880161193,0.041702100313482045,1.2709323781963864,1.2709466059851122,0.0006116013844727563,20.604769421160825,20.603441463634606,0.01075082756026351,0.8616553580385897,0.8615932453705938,0.0010938291569829017,99.77454937127382,99.76126512618953,0.1843989538449042
arch_baseline_pin__stress_light_0p80sun_temp_300k__Stress_matrix_jv_003_updated,0.8,26.850000000000023,800,22.54718966685129,22.545826344684222,0.04248988555279893,1.2705259866533574,1.2705939889945803,0.000627019162110403,20.603293705175503,20.601978402771444,0.010903174373332237,0.8613352326781598,0.8613002550286321,0.0011183246309113418,99.69844792264256,99.69242050805042,0.18788239157761635
arch_baseline_pin__stress_light_0p80sun_temp_300k__Stress_matrix_jv_003_updated,0.8,26.850000000000023,1000,22.530000388585933,22.5288111843917,0.04405127597934365,1.270125661795397,1.270155637271762,0.0006564831640752996,20.60181838958276,20.600566477967558,0.01114406068982569,0.8610115040149519,0.860986865492009,0.0011697837576801389,99.6224409173666,99.61718292297532,0.1947864826500959
arch_baseline_pin__stress_light_0p80sun_temp_320k__Stress_matrix_jv_003_updated,0.8,46.85000000000002,0,22.615386758523904,22.615099788457496,0.03271637679088693,1.272170300266235,1.2721613033984094,0.0004920112906158809,20.60913395049652,20.609006242765698,0.009616527436139081,0.8625792861319324,0.8625744436689035,0.0009617878441266296,100.0,99.99873088725967,0.14466769125080745
arch_baseline_pin__stress_light_0p80sun_temp_320k__Stress_matrix_jv_003_updated,0.8,46.85000000000002,50,22.598317748891333,22.59461272000814,0.03219408643952903,1.2717501737596624,1.2716316500022768,0.0004780781798782166,20.607673613995523,20.607318569780343,0.00943702706668718,0.8622740928654344,0.8621990408806541,0.0009415564448264351,99.92452479449136,99.90814158028004,0.14235822766605447
arch_baseline_pin__stress_light_0p80sun_temp_320k__Stress_matrix_jv_003_updated,0.8,46.85000000000002,100,22.57753537714733,22.577172894498432,0.03130904774707714,1.2712464803433283,1.2712938013672603,0.0004567460424370095,20.605893447172583,20.605385617869487,0.009202099878643216,0.8618968989962095,0.8618757039559954,0.0009103095921494552,99.83262996215484,99.83102719960836,0.1384447220026827
arch_baseline_pin__stress_light_0p80sun_temp_320k__Stress_matrix_jv_003_updated,0.8,46.85000000000002,200,22.536067252158404,22.535880186016268,0.031090041021707048,1.270266520114149,1.2704708074749875,0.0004489141501710809,20.60233616920136,20.601566072550266,0.009182596136359996,0.8611262119482845,0.8610721930090648,0.0008979843248691557,99.64926752209708,99.64844026768384,0.1374763510133455
arch_baseline_pin__stress_light_0p80sun_temp_320k__Stress_matrix_jv_003_updated,0.8,46.85000000000002,300,22.494723909841124,22.491013948434457,0.030860919943939472,1.26932123729248,1.2695179130306864,0.00044275770770550634,20.598782347965056,20.597779978072055,0.009178666182933741,0.8603349621611472,0.8601849403239158,0.0008844702114943325,99.46645684209976,99.45005171381528,0.1364632747410914
arch_baseline_pin__stress_light_0p80sun_temp_320k__Stress_matrix_jv_003_updated,0.8,46.85000000000002,400,22.453504597313824,22.448375071548355,0.030795769752080197,1.268408601020693,1.2685594224753807,0.0004401054279914117,20.595231981383947,20.594070103676774,0.009185796777589895,0.8595245188752435,0.8593407324960433,0.0008796057619782467,99.2841945930946,99.26151232532243,0.13617521421877268
arch_baseline_pin__stress_light_0p80sun_temp_320k__Stress_matrix_jv_003_updated,0.8,46.85000000000002,500,22.41240916182244,22.40836834386903,0.03079465228649,1.267526775520575,1.267621474347778,0.0004396597283444939,20.591685204445472,20.590472108467978,0.009196842293553354,0.8586961382793756,0.8585558856011284,0.0008785671575875619,99.10248009963854,99.08461183724903,0.13617028084338703
arch_baseline_pin__stress_light_0p80sun_temp_320k__Stress_matrix_jv_003_updated,0.8,46.85000000000002,600,22.37143760147811,22.369681380126035,0.03084328380870334,1.2666740353084505,1.2667051240761746,0.00044083368574903905,20.58814201537836,20.586992857406855,0.009212979180387734,0.8578510148068061,0.857802013483362,0.0008804827743896163,98.92131335337945,98.91354706819848,0.1363853203955578
arch_baseline_pin__stress_light_0p80sun_temp_320k__Stress_matrix_jv_003_updated,0.8,46.85000000000002,800,22.28986323453507,22.292243686706442,0.031120638922753876,1.264974440790162,1.2649314745537392,0.00044821858934230294,20.58106640476007,20.580276271780132,0.009271914278077768,0.8561656099268932,0.8562804946523948,0.0008916300786418076,98.56061040447986,98.57113556499448,0.13761173469970897
arch_baseline_pin__stress_light_0p80sun_temp_320k__Stress_matrix_jv_003_updated,0.8,46.85000000000002,1000,22.20877604318349,22.212346193053417,0.03208398236463143,1.2630598271383418,1.2632344877018016,0.0004679040633482951,20.5740051488358,20.573564209422297,0.009395275910414095,0.8546373293217109,0.8546639816212889,0.0009294538497991273,98.2020616331615,98.21784747109285,0.1418714197524828
arch_baseline_pin__stress_light_0p80sun_temp_340k__Stress_matrix_jv_003_updated,0.8,66.85000000000002,0,22.61538683667239,22.615437867438494,0.03166266644049053,1.272170300253833,1.2721753902895752,0.0004717685320866875,20.6091340882315,20.609073350938747,0.009484396752775645,0.8625792833562322,0.8625790851095441,0.0009469139058576633,100.0,100.00022582378092,0.1400079509716015
arch_baseline_pin__stress_light_0p80sun_temp_340k__Stress_matrix_jv_003_updated,0.8,66.85000000000002,50,22.547142596272547,22.550100552693593,0.031103518655327102,1.2705256376991052,1.2705982510944054,0.00045724493153608594,20.603285882890443,20.602830694898156,0.009311913700116371,0.8613339980978999,0.8614029159623711,0.0009248407263764814,99.698239782973,99.71131958644163,0.13753548623481238
arch_baseline_pin__stress_light_0p80sun_temp_340k__Stress_matrix_jv_003_updated,0.8,66.85000000000002,100,22.464393846728324,22.46310730709612,0.03018200798628878,1.2686478084476172,1.2687395001780446,0.00043693861809926643,20.596166902857345,20.595563290723447,0.00906559581110433,0.8597401889389981,0.8597107211707682,0.0008917542838350851,99.33234398759336,99.32665504458656,0.13346068372701336
arch_baseline_pin__stress_light_0p80sun_temp_340k__Stress_matrix_jv_003_updated,0.8,66.85000000000002,200,22.30037881644061,22.30035168071109,0.02996524354339015,1.265234775166161,1.265063080831826,0.0004283698889432023,20.581972267785066,20.58118075457398,0.009047879467949818,0.8563555795856973,0.8564152284800123,0.0008796869733990008,98.60710753034311,98.60698690633389,0.1325021947536274
arch_baseline_pin__stress_light_0p80sun_temp_340k__Stress_matrix_jv_003_updated,0.8,66.85000000000002,300,22.138307493890416,22.141794001747996,0.02972249708973042,1.2615003260023792,1.2615640590499362,0.00042177983591367693,20.567835317253447,20.566936846658734,0.009042400768364326,0.853234606844026,0.8532117363139874,0.0008659091562319693,97.890465698299,97.90588294894955,0.13142884937720847
arch_baseline_pin__stress_light_0p80sun_temp_340k__Stress_matrix_jv_003_updated,0.8,66.85000000000002,400,21.978137020036208,21.997758089474086,0.02963659812585158,1.2582502326434866,1.2583892826466092,0.0004188593334989767,20.553755781672432,20.552914101868897,0.009046695680478159,0.8498311880744758,0.8503654362113446,0.0008604933370239731,97.18222897871092,97.26899045227393,0.13104903165783693
arch_baseline_pin__stress_light_0p80sun_temp_340k__Stress_matrix_jv_003_updated,0.8,66.85000000000002,500,21.84681871802345,21.866281606701104,0.029621350608021128,1.2553836596690873,1.2555384058162598,0.00041847983825043703,20.53973299868532,20.53912810734604,0.009054289417609506,0.8472604609760275,0.8477564262922613,0.000859067340841096,96.60156987718354,96.68763194991396,0.13098161895588195
arch_baseline_pin__stress_light_0p80sun_temp_340k__Stress_matrix_jv_003_updated,0.8,66.85000000000002,600,21.7299581626146,21.7429287293321,0.029673084976820186,1.252824716653609,1.2529655064166276,0.00041984990125271636,20.52576683576906,20.525539946152797,0.009067441938381942,0.8450242769219637,0.8452530222347658,0.0008611541940928787,96.08483958089096,96.14219369108321,0.13121038582237388
arch_baseline_pin__stress_light_0p80sun_temp_340k__Stress_matrix_jv_003_updated,0.8,66.85000000000002,800,21.4995935964758,21.51012675233435,0.02999318307034728,1.2484246662258915,1.2484716502159865,0.00042737279047885227,20.49800276893816,20.49868674185551,0.009125841961156624,0.8401490919162646,0.8403340756533432,0.0008738953497067553,95.06622085107448,95.11279646711532,0.13262581821127117
arch_baseline_pin__stress_light_0p80sun_temp_340k__Stress_matrix_jv_003_updated,0.8,66.85000000000002,1000,21.27357690985501,21.28951513943547,0.03099955470395132,1.2447442563810285,1.2446292275010802,0.0004469884956665692,20.470460395730605,20.471804490084384,0.009259264041491598,0.8348967612904196,0.8354596834544895,0.0009129781663636373,94.0668274369663,94.13730294601231,0.1370757955044837
arch_baseline_pin__stress_light_0p80sun_temp_360k__Stress_matrix_jv_003_updated,0.8,86.85000000000002,0,22.615386759893028,22.61486249460242,0.03112043921798366,1.2721703003589162,1.2721370946125794,0.00046272201884561137,20.60913408892475,20.6090371238995,0.009483843094581777,0.862579280327505,0.8625644445440815,0.0009275724339900397,100.0,99.997681883265,0.13760736132816098
arch_baseline_pin__stress_light_0p80sun_temp_360k__Stress_matrix_jv_003_updated,0.8,86.85000000000002,50,22.382412840472785,22.370849400250084,0.030592997441295636,1.2669041143992776,1.2669340885310942,0.00044896592371822524,20.58908674720781,20.58811811277738,0.009311648252221123,0.8580766261014391,0.8576785565660812,0.00090716747101106,98.96984331113272,98.91871251713991,0.13527513585418482
arch_baseline_pin__stress_light_0p80sun_temp_360k__Stress_matrix_jv_003_updated,0.8,86.85000000000002,100,22.10360422221845,22.109118236054524,0.029719179751891592,1.260768690910034,1.260887146256456,0.00042952364664206846,20.56479396856327,20.563066831197176,0.009065498982400704,0.8525175291564541,0.852534198263202,0.0008761447566923184,97.73701620446224,97.76139796334719,0.13141131688586014
arch_baseline_pin__stress_light_0p80sun_temp_360k__Stress_matrix_jv_003_updated,0.8,86.85000000000002,200,21.65459844479157,21.64810071095365,0.029524482364561545,1.2513090060891068,1.251315066350342,0.00042138707795790625,20.51671209710656,20.51400174182422,0.009047818814880879,0.8434858475897569,0.8431994975185625,0.0008655164125137529,95.75161669662288,95.72288525862913,0.13055041044726734
arch_baseline_pin__stress_light_0p80sun_temp_360k__Stress_matrix_jv_003_updated,0.8,86.85000000000002,300,21.263971522595835,21.250706214006158,0.029298314160006573,1.2446114887728514,1.244017575224237,0.00041500301068412296,20.469289133187047,20.46690757359815,0.009042336167204732,0.8346565692170159,0.8345389918427466,0.0008528651557426842,94.02435495954532,93.96569885598451,0.1295503468161637
arch_baseline_pin__stress_light_0p80sun_temp_360k__Stress_matrix_jv_003_updated,0.8,86.85000000000002,400,20.893707797976976,20.901616825230846,0.02922061982981873,1.2383402477099226,1.2381907629332083,0.0004121903085944579,20.42251006011409,20.42101734348774,0.009046614105382706,0.8261642721086193,0.8265908306317108,0.00084799785099876,92.3871345637593,92.42210645618806,0.12920680029927045
arch_baseline_pin__stress_light_0p80sun_temp_360k__Stress_matrix_jv_003_updated,0.8,86.85000000000002,500,20.59778122855477,20.586389658723707,0.029206527282382995,1.233315473361689,1.23335182617754,0.0004118105529162413,20.37636092186568,20.37585256632912,0.009054186186099211,0.8196333787533778,0.8191879425396418,0.0008466922163127311,91.07861584345594,91.02824496490169,0.1291444861991805
arch_baseline_pin__stress_light_0p80sun_temp_360k__Stress_matrix_jv_003_updated,0.8,86.85000000000002,600,20.31009671830462,20.295265295197364,0.029253714589798665,1.2292209917837496,1.2292119882453048,0.0004131160268123221,20.330827632979474,20.331172690296622,0.009067307745795297,0.8126938344206247,0.8121747786113596,0.000848583425927596,89.80654159902896,89.74096048255778,0.12935313748917368
arch_baseline_pin__stress_light_0p80sun_temp_360k__Stress_matrix_jv_003_updated,0.8,86.85000000000002,800,19.760121871326387,19.765416287156405,0.02955159275626886,1.222813827577645,1.222365380621945,0.0004203234333338519,20.241554772082345,20.242975972500503,0.009125620624682107,0.7983354411868905,0.7990295708593917,0.0008603653670033781,87.3746802613596,87.39809093081766,0.1306702854185889
arch_baseline_pin__stress_light_0p80sun_temp_360k__Stress_matrix_jv_003_updated,0.8,86.85000000000002,1000,19.313949499838746,19.29156547873041,0.03051271846467069,1.2165864063757668,1.2168014964542757,0.0004394411773235414,20.154587813328657,20.15643923380572,0.009258952104417484,0.7876879673550796,0.7869574161444174,0.0008974450748342888,85.40180941804994,85.30283243442426,0.13492016075896981
arch_baseline_pin__stress_light_0p80sun_temp_380k__Stress_matrix_jv_003_updated,0.8,106.85000000000002,0,22.61538669251452,22.613689075887148,0.032014711556972456,1.272170298065303,1.2721621566781716,0.00048129587010147445,20.60913395742902,20.608565520476983,0.009526386444960615,0.8625792848164118,0.862544088481208,0.0009481406376185413,100.0,99.9924928716477,0.14156403571273268
arch_baseline_pin__stress_light_0p80sun_temp_380k__Stress_matrix_jv_003_updated,0.8,106.85000000000002,50,21.9247204366211,21.940920126490592,0.03150518436883773,1.2572573317924685,1.2573848559331469,0.00046804006732978343,20.54900451813313,20.545837847267265,0.009352590957121164,0.8486314055725758,0.8491494956844213,0.0009284300085047674,96.94603384287024,97.01766479137227,0.1393109925098878
arch_baseline_pin__stress_light_0p80sun_temp_380k__Stress_matrix_jv_003_updated,0.8,106.85000000000002,100,21.32710637459699,21.31550238261391,0.030643867114417876,1.24559711004601,1.2452062233978107,0.00044757943128450527,20.477056452187817,20.4758702566883,0.009122084466564503,0.8361550472023861,0.836048443463279,0.0008979757876653585,94.30352292696398,94.25221324219811,0.1355023759953964
arch_baseline_pin__stress_light_0p80sun_temp_380k__Stress_matrix_jv_003_updated,0.8,106.85000000000002,200,20.35149094371244,20.384920595952885,0.030426808019870005,1.22979897829788,1.2303346503461976,0.0004401767380515115,20.33751414262112,20.344364918334325,0.009103166783245098,0.8136998485223079,0.8144319686846777,0.0008858688064293928,89.98957754035924,90.13739591395415,0.1345425849462276
arch_baseline_pin__stress_light_0p80sun_temp_380k__Stress_matrix_jv_003_updated,0.8,106.85000000000002,300,19.56269825049992,19.61893540093736,0.030196217782286587,1.2199487458809384,1.2203688408195663,0.00043432851892240455,20.20346047145861,20.215606028646157,0.009099086058801286,0.793709190188109,0.7953558680049722,0.0008724031650099995,86.5017190131663,86.7503862555522,0.13352296977224598
arch_baseline_pin__stress_light_0p80sun_temp_380k__Stress_matrix_jv_003_updated,0.8,106.85000000000002,400,18.911562528278903,18.952322122508072,0.030130302168673923,1.2119427924719433,1.2127389253963052,0.0004318452739754714,20.07454739266729,20.08854939538526,0.009106040896553222,0.7773194423629495,0.7782231562168894,0.000867558626741725,83.62254771676511,83.80277672358494,0.1332315071694005
arch_baseline_pin__stress_light_0p80sun_temp_380k__Stress_matrix_jv_003_updated,0.8,106.85000000000002,500,18.327264956100063,18.365139934457726,0.030128202702855333,1.2060401907142215,1.2065168675301694,0.0004314485444576796,19.95045676554403,19.96442316135423,0.00911678609104963,0.7616983844410972,0.7628249685784935,0.000866497757945503,81.03891923354209,81.20639322976324,0.13322222500103378
arch_baseline_pin__stress_light_0p80sun_temp_380k__Stress_matrix_jv_003_updated,0.8,106.85000000000002,600,17.827667071083404,17.843786331243383,0.030174949774647585,1.2013773455599392,1.2012390311199397,0.0004325857243765591,19.830893700791624,19.84388414822126,0.00913238340090892,0.7482949086734164,0.7489619143004008,0.0008683414217106821,78.82981314214803,78.9010884845751,0.133428932745176
arch_baseline_pin__stress_light_0p80sun_temp_380k__Stress_matrix_jv_003_updated,0.8,106.85000000000002,800,16.93792982284289,16.957378982349113,0.030443978011758632,1.1921319277547175,1.1925419292868984,0.00043966377406474624,19.60429721739804,19.61453336938486,0.009189434991251334,0.7247441718274937,0.7251201122239311,0.0008791845909939516,74.89560118133724,74.98160051439636,0.13461853613746996
arch_baseline_pin__stress_light_0p80sun_temp_380k__Stress_matrix_jv_003_updated,0.8,106.85000000000002,1000,16.20880719105014,16.229717286033285,0.031393383781463405,1.1853949654366835,1.1854634937270958,0.00045867284090968274,19.392854924102487,19.401339152519043,0.0093106293227195,0.7050927177439736,0.705442849014718,0.0009165185552239793,71.67158984027057,71.76404862307783,0.13881663865090385
arch_baseline_pin__stress_light_0p80sun_temp_400k__Stress_matrix_jv_003_updated,0.8,126.85000000000002,0,22.615386714928047,22.618666494987746,0.04424460641812926,1.2721703007589529,1.2722532089787264,0.0006881160095149113,20.609133967827773,20.60865026657353,0.014079078982932102,0.862579283409664,0.8626176438833744,0.0011714697994828673,100.0,100.01450205528384,0.19563319197212414
arch_baseline_pin__stress_light_0p80sun_temp_400k__Stress_matrix_jv_003_updated,0.8,126.85000000000002,50,21.09739395443627,21.107753307848583,0.04241510161420826,1.2418135380521302,1.2417354792334876,0.0006530584787506181,20.44901576053094,20.46031695764724,0.01331187665295152,0.8308067431797742,0.8312498095634686,0.0011196322073523497,93.28778773661308,93.33359366835059,0.1875435218578401
arch_baseline_pin__stress_light_0p80sun_temp_400k__Stress_matrix_jv_003_updated,0.8,126.85000000000002,100,19.8880039559758,19.93245080251758,0.040706198397374445,1.224259467642327,1.2244960395190294,0.000618516822998434,20.263291612906045,20.28046215119023,0.012974147248444446,0.8016923361401603,0.8034611325077473,0.001068068184907348,87.9401453827365,88.13668042291718,0.17998736695969522
arch_baseline_pin__stress_light_0p80sun_temp_400k__Stress_matrix_jv_003_updated,0.8,126.85000000000002,200,18.32049955288201,18.27430533931532,0.040368971438957686,1.2060300608887802,1.2052742200055133,0.0006077950784860711,19.9493756639528,19.951246784743645,0.012927535785054211,0.7614648665566549,0.7608574805917014,0.0010523905274107761,81.00900410776063,80.80476550650894,0.17849635657077575
arch_baseline_pin__stress_light_0p80sun_temp_400k__Stress_matrix_jv_003_updated,0.8,126.85000000000002,300,17.14497967564162,17.026640609942994,0.04020396254993316,1.1943309624350953,1.1930269102300861,0.0006027475363502554,19.66282475360192,19.64066645634366,0.012946460182579684,0.730073146848278,0.7273704156984525,0.001040413494161703,75.81112758210983,75.28787465247703,0.17776671872199443
arch_baseline_pin__stress_light_0p80sun_temp_400k__Stress_matrix_jv_003_updated,0.8,126.85000000000002,400,16.144777898722715,16.03762234845337,0.0402058535610475,1.1849451886782842,1.183758397362304,0.0006017884551978652,19.375030346460303,19.354683137184388,0.012979469918969278,0.7032203363614126,0.7005430627038958,0.0010369317023916338,71.38846707434728,70.91465644336358,0.17777507835801193
arch_baseline_pin__stress_light_0p80sun_temp_400k__Stress_matrix_jv_003_updated,0.8,126.85000000000002,500,15.318699320102745,15.229611569479495,0.04032200609171036,1.1775107400959577,1.176193366428002,0.000603944347040194,19.111700520312933,19.092654703685245,0.01302531502323361,0.6807030293338191,0.6786237679164873,0.0010387115592440186,67.7357390045916,67.34181560954092,0.17828863892049185
arch_baseline_pin__stress_light_0p80sun_temp_400k__Stress_matrix_jv_003_updated,0.8,126.85000000000002,600,14.626510039650942,14.551872386210402,0.04055173183423836,1.1705400587770791,1.16975317971191,0.0006083989773032905,18.86953410569804,18.851936365807287,0.013086492641979992,0.6622062192984387,0.6602965259078271,0.0010454775239279214,64.67503838878078,64.34500962792274,0.17930438972848572
arch_baseline_pin__stress_light_0p80sun_temp_400k__Stress_matrix_jv_003_updated,0.8,126.85000000000002,800,13.52845015955162,13.46291948453397,0.0413323901474502,1.1602595634013044,1.159107359101811,0.0006236485940854514,18.438343570837628,18.423838030824797,0.01325696445322711,0.6323696032457754,0.6309955808314557,0.0010695855933483404,59.81967202277249,59.5299192888627,0.18275620615856325
arch_baseline_pin__stress_light_0p80sun_temp_400k__Stress_matrix_jv_003_updated,0.8,126.85000000000002,1000,12.679106055734865,12.60852575234279,0.0428426209818879,1.1508791381231638,1.1504500857607853,0.0006523269925440305,18.06481115346534,18.052375122208957,0.013490217745170941,0.6098534583523028,0.608110735586614,0.0011194434699856517,56.0640691912891,55.75199959812169,0.18943401278162866
arch_baseline_pin__stress_light_1p00sun_temp_300k__Stress_matrix_jv_003_updated,1.0,26.850000000000023,0,22.6153868714081,22.612284128237267,0.09478714998832956,1.2721702985249204,1.2721170759832259,0.0013284728170025876,20.60913395742902,20.608190037288338,0.030345199282738784,0.8625792913279998,0.8625182750037497,0.002682143093771995,100.0,99.98628026206889,0.41912112313185346
arch_baseline_pin__stress_light_1p00sun_temp_300k__Stress_matrix_jv_003_updated,1.0,26.850000000000023,50,22.61102352928955,22.60423049596956,0.08645059976512358,1.272061987097748,1.271969121156465,0.001190466736435137,20.60875804191632,20.60902720421322,0.027125708011453885,0.8625020315182227,0.8623763045443786,0.0024480236091182694,99.98070631228482,99.95066880202053,0.3822590271739182
arch_baseline_pin__stress_light_1p00sun_temp_300k__Stress_matrix_jv_003_updated,1.0,26.850000000000023,100,22.60570498954426,22.599121471082448,0.08042433561385565,1.2719304950610433,1.271868308834884,0.0010994615916123606,20.608299579224504,20.609098264934264,0.02556450858777845,0.862407484272921,0.8623087249329142,0.0022470071293075812,99.9571889620156,99.9280777853901,0.35561202615736176
arch_baseline_pin__stress_light_1p00sun_temp_300k__Stress_matrix_jv_003_updated,1.0,26.850000000000023,200,22.595074420419632,22.596934906590967,0.0794996690772393,1.2716694071124122,1.2718336301449085,0.0010783645629348414,20.60738305387408,20.608952448561446,0.02537683959449193,0.8622172526794907,0.8622706569077432,0.00220881345415127,99.91018304880672,99.91840867025658,0.3515232568241097
arch_baseline_pin__stress_light_1p00sun_temp_300k__Stress_matrix_jv_003_updated,1.0,26.850000000000023,300,22.58445263779198,22.59465080809095,0.07952127798859032,1.271410816066408,1.2718157323127888,0.0010757455024284954,20.60646666176528,20.608724203219513,0.025466872608168926,0.8620255471547404,0.8621940801896713,0.002199101722037406,99.86321598745133,99.90830827673024,0.35161867875035907
arch_baseline_pin__stress_light_1p00sun_temp_300k__Stress_matrix_jv_003_updated,1.0,26.850000000000023,400,22.57383903220271,22.590510253187077,0.07993142177413073,1.271154675392234,1.2717294452075771,0.0010813298955400664,20.60555053611418,20.608444423931704,0.02563889564463922,0.8618323706831692,0.8620864980590105,0.0022049396769978596,99.81628508306476,99.88999918320599,0.35343215704453657
arch_baseline_pin__stress_light_1p00sun_temp_300k__Stress_matrix_jv_003_updated,1.0,26.850000000000023,500,22.56323405935529,22.584924416571987,0.08063575595100325,1.270900947690993,1.271561078513912,0.0010930080601108904,20.60463467484104,20.60811319073262,0.025868131703249593,0.8616377663875209,0.8619694189418469,0.002222357839061034,99.7693923506622,99.86529952432262,0.3565465107464378
arch_baseline_pin__stress_light_1p00sun_temp_300k__Stress_matrix_jv_003_updated,1.0,26.850000000000023,600,22.552636961630263,22.578093012568317,0.0816385266707906,1.2706495867361296,1.2713198103425203,0.0011102264447716186,20.60371894714338,20.60772098117217,0.026153794254296047,0.8614417424429602,0.8618454595355496,0.0022508772842583656,99.72253444022589,99.83509234891201,0.36098051136958004
arch_baseline_pin__stress_light_1p00sun_temp_300k__Stress_matrix_jv_003_updated,1.0,26.850000000000023,800,22.531467907570647,22.560489308515862,0.08477030510587985,1.2701538368806902,1.2706757298225178,0.001162999266237311,20.60188828942636,20.606693240191447,0.026925107344728166,0.861045565045541,0.8615494717380285,0.002348642851223231,99.6289297887557,99.75725238205949,0.37482858405768293
arch_baseline_pin__stress_light_1p00sun_temp_300k__Stress_matrix_jv_003_updated,1.0,26.850000000000023,1000,22.51033217300882,22.537335514533588,0.09007802648631583,1.2696671513729183,1.2698966365892046,0.0012453533789594207,20.60005856188496,20.6052434550855,0.028058021054022837,0.8606440387906448,0.8611511774033721,0.0025271306838360336,99.53547246838347,99.65487118431975,0.3982984529406179
arch_baseline_pin__stress_light_1p00sun_temp_320k__Stress_matrix_jv_003_updated,1.0,46.85000000000002,0,22.61538675931256,22.615437245521388,0.04861665238706282,1.2721703003704032,1.2721639107424532,0.000658376441477614,20.609134084072,20.609493954362385,0.019150220398709117,0.8625792805006844,0.8625836831111173,0.0015197785110650567,100.0,100.00022310335875,0.21497127495074236
arch_baseline_pin__stress_light_1p00sun_temp_320k__Stress_matrix_jv_003_updated,1.0,46.85000000000002,50,22.59437462421481,22.5992541814911,0.046686893047497034,1.2716523784745266,1.2716881322057436,0.0006246266590565868,20.60732186287513,20.607576580717065,0.018290827840255586,0.8622046545508576,0.8623503479454703,0.0014563280380982915,99.90708920735533,99.92866530128943,0.2064383184266526
arch_baseline_pin__stress_light_1p00sun_temp_320k__Stress_matrix_jv_003_updated,1.0,46.85000000000002,100,22.56879904442871,22.580695544122058,0.044744112373888534,1.2710338996783308,1.2712936018742422,0.0005924924700561025,20.60511336959585,20.60554945471082,0.01751469111820337,0.8617401092433079,0.861970931174835,0.001381992726024453,99.7939999197022,99.84660338114664,0.19784774915613354
arch_baseline_pin__stress_light_1p00sun_temp_320k__Stress_matrix_jv_003_updated,1.0,46.85000000000002,200,22.51779387360442,22.52681168519498,0.04438740294872106,1.2698381601492224,1.2701222953854578,0.000581742769611195,20.600700639170885,20.601536250995387,0.017434604461821594,0.860786553409937,0.8609107692548597,0.001363407059915112,99.56846687281194,99.60834136928314,0.19627044580603845
arch_baseline_pin__stress_light_1p00sun_temp_320k__Stress_matrix_jv_003_updated,1.0,46.85000000000002,300,22.46698240260979,22.46972064885619,0.044209028093125234,1.2686940506514333,1.2687974220827656,0.0005764999210534634,20.59629349303408,20.597514842290998,0.017445170890143687,0.8598026315844913,0.8598376253770381,0.0013504717950657474,99.34379032168596,99.35589790009892,0.1954816776066417
arch_baseline_pin__stress_light_1p00sun_temp_320k__Stress_matrix_jv_003_updated,1.0,46.85000000000002,400,22.41636387092407,22.41678061647615,0.04420855921121148,1.267597930024195,1.2675017806780053,0.0005753779934911445,20.591892194176943,20.593479153669865,0.0174826203794265,0.8587908140870217,0.8588502851298564,0.001346747392439131,99.11996690347765,99.1218094182475,0.19547958733818055
arch_baseline_pin__stress_light_1p00sun_temp_320k__Stress_matrix_jv_003_updated,1.0,46.85000000000002,500,22.36593358622789,22.365714862554313,0.044327224950878076,1.2665464116393874,1.2662576200153524,0.0005774319768929581,20.58749634533922,20.5894103064849,0.017540634766020097,0.8577532792482453,0.8578795220715829,0.0013490585135854972,98.89697586983807,98.8960086868386,0.19600428835894643
arch_baseline_pin__stress_light_1p00sun_temp_320k__Stress_matrix_jv_003_updated,1.0,46.85000000000002,600,22.31568987772665,22.31440474124573,0.044563036615810216,1.2655364775629911,1.2650608746157592,0.0005817591530688918,20.58310568039708,20.585276309786078,0.01762138391110793,0.8566920679469435,0.8568773509152366,0.0013565763318982467,98.67480983290064,98.66912741807681,0.19704698830081913
arch_baseline_pin__stress_light_1p00sun_temp_320k__Stress_matrix_jv_003_updated,1.0,46.85000000000002,800,22.21576189547622,22.2084437270675,0.04539998650477966,1.2631932266689443,1.2627938798440783,0.0005961786295050351,20.57434083240072,20.576672428927296,0.017870407876467584,0.8548019294002304,0.854730820180276,0.0013870727908698354,98.23295144987172,98.2005925748588,0.20074779652003444
arch_baseline_pin__stress_light_1p00sun_temp_320k__Stress_matrix_jv_003_updated,1.0,46.85000000000002,1000,22.1165726577126,22.09886128197866,0.047097044403554535,1.261001998663413,1.2606835662902802,0.0006235276903686709,20.56559818138298,20.567427526425657,0.018299159257772694,0.8528265365667409,0.8524258502601967,0.0014555901759087902,97.79435962378776,97.71604429393359,0.2082518671257242
arch_baseline_pin__stress_light_1p00sun_temp_340k__Stress_matrix_jv_003_updated,1.0,66.85000000000002,0,22.615386835884483,22.61619944308591,0.04139597908694203,1.2721703002538345,1.2721878500398127,0.0005441514123772317,20.609134088924748,20.609174181865225,0.017275871030738996,0.8625792832971643,0.8625924899483516,0.001336444195479009,100.0,100.00359346324998,0.18304463783297534
arch_baseline_pin__stress_light_1p00sun_temp_340k__Stress_matrix_jv_003_updated,1.0,66.85000000000002,50,22.53141900428829,22.53380672776276,0.04064032083414204,1.2701533324087528,1.2704483940066653,0.0005303853335218906,20.601878473163435,20.603249368491035,0.016829269663917634,0.8610444484440778,0.8609843003109974,0.0013046130650492481,99.62871370626765,99.63927201601797,0.1797032960031764
arch_baseline_pin__stress_light_1p00sun_temp_340k__Stress_matrix_jv_003_updated,1.0,66.85000000000002,100,22.429738976846803,22.413938412430035,0.039462789574328624,1.2678843069624472,1.2677077188245807,0.000508291565209588,20.593050314356223,20.59463949473872,0.016180232425614366,0.8590608205961421,0.8586807557007154,0.001252193228839619,99.17910818689552,99.10924221394201,0.17449649745034518
arch_baseline_pin__stress_light_1p00sun_temp_340k__Stress_matrix_jv_003_updated,1.0,66.85000000000002,200,22.22864620142216,22.21725994819662,0.0391548910029724,1.2634931233541944,1.263064520952964,0.0004993573452137419,20.575461516492183,20.577445564753063,0.01612276215655973,0.8550480985271681,0.854890483183974,0.0012354727214420322,98.28992253252696,98.23957547451114,0.17313505469045243
arch_baseline_pin__stress_light_1p00sun_temp_340k__Stress_matrix_jv_003_updated,1.0,66.85000000000002,300,22.03050776045499,22.033164688084316,0.03895871712971532,1.259236802839565,1.2589890913047874,0.0004935193841058523,20.55796137263297,20.560486019502534,0.016124310236698886,0.851014682847788,0.8512432032287561,0.001222434557868656,97.41380026053127,97.42554853103059,0.1722676313495433
arch_baseline_pin__stress_light_1p00sun_temp_340k__Stress_matrix_jv_003_updated,1.0,66.85000000000002,400,21.857867804500543,21.865987100777836,0.038914343599897074,1.2556110885090197,1.2554147669132574,0.0004915493609863725,20.540549218676205,20.54356390314254,0.016143366842864833,0.8475017447726179,0.8478524616279015,0.0012177455804835476,96.6504263805828,96.68632766931546,0.1720714260905274
arch_baseline_pin__stress_light_1p00sun_temp_340k__Stress_matrix_jv_003_updated,1.0,66.85000000000002,500,21.71401746899841,21.711292931644287,0.03895535864511364,1.252464576032536,1.2522532240841922,0.0004918519071772207,20.52322465530689,20.52656833826199,0.0161755081888085,0.8447518126933392,0.8446318704320858,0.0012180610659147714,96.01435353095157,96.0023056875398,0.172252784866435
arch_baseline_pin__stress_light_1p00sun_temp_340k__Stress_matrix_jv_003_updated,1.0,66.85000000000002,600,21.571891037534453,21.56453296241068,0.03905596353134004,1.2496942074203965,1.2494226732388556,0.0004933006553297752,20.505986620803327,20.509444203405902,0.01622245297900222,0.8417900566194171,0.8414911689527291,0.0012218991421997654,95.38590338550264,95.35336696685997,0.17269763467760813
arch_baseline_pin__stress_light_1p00sun_temp_340k__Stress_matrix_jv_003_updated,1.0,66.85000000000002,800,21.29266443749228,21.28655538181101,0.03942889861292432,1.245003083015818,1.244522017488719,0.0005001817687529542,20.47176773888641,20.47472782377076,0.016378460058746172,0.8354187866809892,0.8353235164499557,0.0012395932793189846,94.15122806436632,94.12421438407523,0.17434667023145664
arch_baseline_pin__stress_light_1p00sun_temp_340k__Stress_matrix_jv_003_updated,1.0,66.85000000000002,1000,21.019906476114404,21.025500147784832,0.04060216865610241,1.2403922334629218,1.2403796703027428,0.0005221345501966223,20.4378869927972,20.43937983828675,0.016683552852254483,0.8291550451165102,0.8293216286431704,0.0012939713214785537,92.94515556444746,92.9698886675459,0.1795346028974939
arch_baseline_pin__stress_light_1p00sun_temp_360k__Stress_matrix_jv_003_updated,1.0,86.85000000000002,0,22.615386759894506,22.613231837414702,0.039627992075557006,1.2721703002553606,1.2721065475931428,0.0005293056336706071,20.60913395604252,20.60883252064429,0.017164754055165734,0.8625792859594582,0.8625461454387603,0.0012787403812706867,100.0,99.99047114152634,0.17522857030701994
arch_baseline_pin__stress_light_1p00sun_temp_360k__Stress_matrix_jv_003_updated,1.0,86.85000000000002,50,22.329187224875948,22.33193199919069,0.0389223322521365,1.2658081070402645,1.265511536991517,0.000516073303543968,20.584275726341232,20.582947293960935,0.016726801764012155,0.8569775632985288,0.8572765279556912,0.0012497170520644968,98.73449197196092,98.74662865894426,0.17210823865428015
arch_baseline_pin__stress_light_1p00sun_temp_360k__Stress_matrix_jv_003_updated,1.0,86.85000000000002,100,21.988211799369896,22.01910416254301,0.03784692913566143,1.2584147946149902,1.2584652292140035,0.0004949308469546977,20.55419948366004,20.555563973329676,0.01608930199524445,0.8500912167513187,0.8510863014842408,0.001202378415574217,97.22677764840697,97.36337341176848,0.16735298812795882
arch_baseline_pin__stress_light_1p00sun_temp_360k__Stress_matrix_jv_003_updated,1.0,86.85000000000002,200,21.48046313413376,21.49819683856974,0.037544890134314175,1.2480685913217513,1.247965068462171,0.0004858964691593216,20.494820912626995,20.499546539359553,0.01603314016177784,0.8397713600081981,0.8401666761421592,0.0011865025478698561,94.98163070209618,95.06004272095049,0.16601744372353466
arch_baseline_pin__stress_light_1p00sun_temp_360k__Stress_matrix_jv_003_updated,1.0,86.85000000000002,300,21.00841872059194,21.042816494648036,0.037347435531826796,1.240220330007932,1.2402213823767538,0.0004798779478544497,20.436449373873508,20.442288223622125,0.016034660703223576,0.8288750648690949,0.8298855733938793,0.0011738229241734168,92.89435968368088,93.04645663156106,0.16514433568100553
arch_baseline_pin__stress_light_1p00sun_temp_360k__Stress_matrix_jv_003_updated,1.0,86.85000000000002,400,20.62460350720149,20.63607701270997,0.037302415342544123,1.2337210011256994,1.2341340682828361,0.00047781821976079303,20.379057488247128,20.38444535932369,0.01605331512039765,0.8203223727229251,0.8203082672182453,0.0011693025704136704,91.19721774458702,91.2479497190067,0.16494526680787228
arch_baseline_pin__stress_light_1p00sun_temp_360k__Stress_matrix_jv_003_updated,1.0,86.85000000000002,500,20.27074378546206,20.26633553130095,0.03734044874084534,1.2286995694164935,1.2291198253709248,0.00047807579830212753,20.32261840709756,20.32662997331168,0.016084764740187694,0.8117911561322634,0.811332069955118,0.0011695248850563228,89.6325320485327,89.61303994322584,0.16511344133691241
arch_baseline_pin__stress_light_1p00sun_temp_360k__Stress_matrix_jv_003_updated,1.0,86.85000000000002,600,19.92885219494716,19.9254995573109,0.037435917182313,1.224629443763752,1.2248451675962357,0.0004794723231785167,20.267106081172525,20.269252851449767,0.016130693198195836,0.8029450933175561,0.8028646763345252,0.0011730637014918993,88.12076665559589,88.10594326210851,0.16553558784747444
arch_baseline_pin__stress_light_1p00sun_temp_360k__Stress_matrix_jv_003_updated,1.0,86.85000000000002,800,19.348005497230464,19.3144150551048,0.037776612965503456,1.217061453096839,1.2177795202434074,0.0004860404022662981,20.15876240954105,20.156799885010656,0.016283346344768534,0.7886055481590446,0.7873523724321202,0.0011889726206562414,85.55239714733368,85.40386936682933,0.16704209002818762
arch_baseline_pin__stress_light_1p00sun_temp_360k__Stress_matrix_jv_003_updated,1.0,86.85000000000002,1000,18.82647829423877,18.782798444103705,0.038886183252591654,1.2110407810295358,1.2120253554991374,0.000507759521454558,20.05383760783304,20.048299808417177,0.01658269273789364,0.7751983259009042,0.773638919275033,0.0012400063753708046,83.24632469971782,83.05318253799118,0.1719484203902504
arch_baseline_pin__stress_light_1p00sun_temp_380k__Stress_matrix_jv_003_updated,1.0,106.85000000000002,0,22.615386842842263,22.621828039729074,0.04253549286851066,1.2721702980653111,1.2723734801152606,0.0006227671529473432,20.60913395673577,20.610219099486063,0.01867008296760582,0.8625792905791105,0.8626884511388109,0.0013373630129952106,100.0,100.0284825621928,0.1880819258033209
arch_baseline_pin__stress_light_1p00sun_temp_380k__Stress_matrix_jv_003_updated,1.0,106.85000000000002,50,21.809143315583988,21.807732920988016,0.04078078080920784,1.254518853714857,1.254454728575362,0.0005914360686441968,20.53469529631065,20.545425022198796,0.01783888727287494,0.846590032434429,0.8464364305807086,0.0012807613511902655,96.43497795168844,96.42874268549785,0.1803229738793999
arch_baseline_pin__stress_light_1p00sun_temp_380k__Stress_matrix_jv_003_updated,1.0,106.85000000000002,100,21.084671621361306,21.05716306986914,0.039085731420559267,1.241510356946392,1.241225803220667,0.0005613916482962097,20.446013919600404,20.453349682138203,0.017108684113987988,0.8306304399494522,0.8298653913133492,0.0012181968522319377,93.23153200023448,93.10989661444967,0.17282786083725965
arch_baseline_pin__stress_light_1p00sun_temp_380k__Stress_matrix_jv_003_updated,1.0,106.85000000000002,200,19.97810764475364,19.91294326862902,0.0387577689587624,1.225203119811225,1.2250903492404965,0.0005511821234005865,20.27526645991474,20.26914644975027,0.01703348810648047,0.8042289165220464,0.8023443393301494,0.0012015407724809573,88.33856251756613,88.05042169095204,0.17137768677020157
arch_baseline_pin__stress_light_1p00sun_temp_380k__Stress_matrix_jv_003_updated,1.0,106.85000000000002,300,19.1167630053774,19.022475999264415,0.03856427939375434,1.214273475129793,1.2144775250882078,0.0005459102603630745,20.112752948058244,20.09646260299018,0.017044223540396947,0.782755862193536,0.7797033425730172,0.0011890047861762563,84.5298961199411,84.11298176821917,0.17052212412464898
arch_baseline_pin__stress_light_1p00sun_temp_380k__Stress_matrix_jv_003_updated,1.0,106.85000000000002,400,18.37174941174296,18.296032579991717,0.03855015430287279,1.2065723860151236,1.2064634272781938,0.0005446317646718277,19.957832929482105,19.935172360596134,0.017080252190665845,0.7629283417054165,0.7607758601583607,0.001185321961258947,81.23561864942224,80.90081726151003,0.17045966840808296
arch_baseline_pin__stress_light_1p00sun_temp_380k__Stress_matrix_jv_003_updated,1.0,106.85000000000002,500,17.757976052960785,17.68206863369742,0.03864714372535395,1.2007145982699663,1.1999520876390286,0.000546443897768674,19.809934665032635,19.783881295852378,0.017135766757367093,0.7465701678423144,0.7445661547033282,0.0011871388922638315,78.521655085379,78.18601097341231,0.17088853569714932
arch_baseline_pin__stress_light_1p00sun_temp_380k__Stress_matrix_jv_003_updated,1.0,106.85000000000002,600,17.191886434471193,17.150682825827126,0.038857834132934164,1.1947959081821722,1.1944165352088565,0.0005504946597097402,19.668543029680123,19.641356365273918,0.017212904506224067,0.7315729125897517,0.7304442615340058,0.0011938364937786698,76.0185379712503,75.83634613624861,0.1718201624097218
arch_baseline_pin__stress_light_1p00sun_temp_380k__Stress_matrix_jv_003_updated,1.0,106.85000000000002,800,16.262037816431306,16.26783543696707,0.03961151223718069,1.186019872111886,1.1852391437033065,0.0005640341341984589,19.403473246150146,19.378932297087296,0.017449919494016586,0.7066486354863991,0.7069273689611921,0.0012204623820809414,71.9069628542667,71.93259974009425,0.17515275653125575
arch_baseline_pin__stress_light_1p00sun_temp_380k__Stress_matrix_jv_003_updated,1.0,106.85000000000002,1000,15.476998668765129,15.557084203973057,0.041141800850214336,1.17941312244443,1.177721084859004,0.0005901710517566749,19.159424651856902,19.14226585980461,0.017855896342590275,0.6849176003182454,0.6880424558847978,0.0012804332426111626,68.43570165886229,68.78982257102385,0.18191933789247364
arch_baseline_pin__stress_light_1p00sun_temp_400k__Stress_matrix_jv_003_updated,1.0,126.85000000000002,0,22.615386563326247,22.60280179060097,0.08932932208978518,1.2721703007578216,1.2716870378858975,0.0013038362660973408,20.60913396990753,20.610420406606174,0.026237109307174048,0.8625792775411013,0.8624423879920182,0.0025700354152008533,100.0,99.94435208736262,0.3949933219575489
arch_baseline_pin__stress_light_1p00sun_temp_400k__Stress_matrix_jv_003_updated,1.0,126.85000000000002,50,20.83051956218906,20.821267815598173,0.08099692869830286,1.2372167057669825,1.2376641635894332,0.0011722675428318928,20.41154107161189,20.395351537719648,0.023432834842862463,0.824856748119211,0.8240943871490882,0.002329783756537007,92.10773162714106,92.0668179585992,0.358151438117576
arch_baseline_pin__stress_light_1p00sun_temp_400k__Stress_matrix_jv_003_updated,1.0,126.85000000000002,100,19.479884198543985,19.495675644296483,0.07521764607610561,1.2188743578435377,1.2199888412337025,0.0010822757087129255,20.185083536319887,20.166751575979234,0.02192017193045046,0.791766056034541,0.7911729879882534,0.002135553761218086,86.13553495536141,86.20535286404852,0.3325975368196698
arch_baseline_pin__stress_light_1p00sun_temp_400k__Stress_matrix_jv_003_updated,1.0,126.85000000000002,200,17.60939960449068,17.74865192169404,0.07431585633559185,1.1991291134534,1.2002089795928743,0.0010614138351951999,19.773761277454312,19.782025305766282,0.02174582363194619,0.7426587715203871,0.7460785431817044,0.002097418744088862,77.86468542194447,78.48042795568966,0.3286102782677682
arch_baseline_pin__stress_light_1p00sun_temp_400k__Stress_matrix_jv_003_updated,1.0,126.85000000000002,300,16.27906857968855,16.48093053676072,0.0743345571646683,1.18623468815056,1.1876998480086522,0.0010584715418301498,19.409161789772384,19.441737602412374,0.021816504984025202,0.7070532989177032,0.7123522791434527,0.0020881727414830964,71.9822698325535,72.87486977344835,0.3286930676788085
arch_baseline_pin__stress_light_1p00sun_temp_400k__Stress_matrix_jv_003_updated,1.0,126.85000000000002,400,15.25226653527591,15.467362255429403,0.07473996429868003,1.1770580404925486,1.1783100330882967,0.001063561033718269,19.08305242344544,19.124941352511545,0.021962591566361375,0.6790295343703726,0.685069515097581,0.0020944821235267773,67.44198907486029,68.39311423783832,0.33048565245583034
arch_baseline_pin__stress_light_1p00sun_temp_400k__Stress_matrix_jv_003_updated,1.0,126.85000000000002,500,14.424566499623571,14.628045159891657,0.07543900367347835,1.168876572182716,1.1706894334071047,0.001074628604125395,18.789091330888954,18.834239718040703,0.02216196934954985,0.6567927324732373,0.6624046000459138,0.0021124521488454263,63.782091273269934,64.6818561599827,0.3335765082752054
arch_baseline_pin__stress_light_1p00sun_temp_400k__Stress_matrix_jv_003_updated,1.0,126.85000000000002,600,13.748911836260294,13.916874300074136,0.07643401005171985,1.16254439732614,1.1642305206805674,0.001091136834598362,18.522311436215062,18.568301612032485,0.022415366532766955,0.6385039633795827,0.6432032377175105,0.0021415006429955272,60.7945028830766,61.53723153998503,0.3379759708664874
arch_baseline_pin__stress_light_1p00sun_temp_400k__Stress_matrix_jv_003_updated,1.0,126.85000000000002,800,12.67407041772773,12.76321502743787,0.07953327258817958,1.1512097741220246,1.1536107066946262,0.0011422375697821437,18.055243910621808,18.09834357729786,0.02312042037041715,0.6097590962987144,0.6121117064272414,0.002239694084215516,56.04180314246921,56.43603601154267,0.351679441637978
arch_baseline_pin__stress_light_1p00sun_temp_400k__Stress_matrix_jv_003_updated,1.0,126.85000000000002,1000,11.860069725554617,11.85055059900914,0.08476560814149603,1.1422153965335893,1.1450260374945784,0.001222744192005636,17.65833850515257,17.693033399163223,0.02420339214938811,0.5880163398316768,0.587573069478237,0.002415761040073741,52.44248066397079,52.40046587081504,0.37481432280946003
