run_id,aging_light_suns,aging_temperature_C,aging_h,time_index,Jsc_mAcm2,Voc_V,FF,PCE_pct,Vmp_V,Jmp_mAcm2,PCE_initial_pct,PCE_norm,PCE_loss_pct_abs,PCE_retention_pct
arch_baseline_pin__stress_light_0p01sun_temp_300k__Stress_matrix_jv_003_updated,0.01,26.850000000000023,0,1,20.609134086845,1.2721702981013774,0.8625792848349613,22.61538683565649,1.1373333333333333,19.88457224706022,22.61538683565649,1.0,0.0,100.0
arch_baseline_pin__stress_light_0p01sun_temp_300k__Stress_matrix_jv_003_updated,0.01,26.850000000000023,50,2,20.609119366641885,1.2721639934035711,0.8625724875435572,22.6150803912586,1.1373333333333333,19.88430280591319,22.61538683565649,0.9999864497388384,0.0003064443978892,99.99864497388386
arch_baseline_pin__stress_light_0p01sun_temp_300k__Stress_matrix_jv_003_updated,0.01,26.850000000000023,100,3,20.60910145929379,1.2721563201728747,0.8625642024257175,22.61470711588984,1.1373333333333333,19.883974603654607,22.61538683565649,0.9999699443670104,0.0006797197666514,99.99699443670104
arch_baseline_pin__stress_light_0p01sun_temp_300k__Stress_matrix_jv_003_updated,0.01,26.850000000000023,200,4,20.60906564249228,1.2721409794046743,0.8625476394855879,22.61396086502292,1.1373333333333333,19.883318462798584,22.61538683565649,0.9999369468829372,0.0014259706335693,99.99369468829371
arch_baseline_pin__stress_light_0p01sun_temp_300k__Stress_matrix_jv_003_updated,0.01,26.850000000000023,300,5,20.60902996101216,1.272125646698964,0.8625310648927258,22.61321461338272,1.1373333333333333,19.882662321262647,22.61538683565649,0.9999039493646712,0.0021722222737743,99.99039493646713
arch_baseline_pin__stress_light_0p01sun_temp_300k__Stress_matrix_jv_003_updated,0.01,26.850000000000023,400,6,20.60899414595656,1.2721103212130378,0.8625144905326271,22.612468362543044,1.1373333333333333,19.88200618043058,22.61538683565649,0.9998709518818026,0.0029184731134463,99.98709518818026
arch_baseline_pin__stress_light_0p01sun_temp_300k__Stress_matrix_jv_003_updated,0.01,26.850000000000023,500,7,20.608958330207702,1.272095003559657,0.8624979103682746,22.61172211092705,1.1373333333333333,19.88135003891593,22.61538683565649,0.9998379543646072,0.0036647247294396,99.98379543646072
arch_baseline_pin__stress_light_0p01sun_temp_300k__Stress_matrix_jv_003_updated,0.01,26.850000000000023,600,8,20.60892251445885,1.2720796936481469,0.8624813244621463,22.610975859319108,1.1373333333333333,19.88069389740836,22.61538683565649,0.9998049568477676,0.0044109763373825,99.98049568477676
arch_baseline_pin__stress_light_0p01sun_temp_300k__Stress_matrix_jv_003_updated,0.01,26.850000000000023,800,9,20.60885101687047,1.2720490961306177,0.8624481362284695,22.60948350774667,1.1373333333333333,19.87938174772568,22.61538683565649,0.9997389685194104,0.0059033279098201,99.97389685194103
arch_baseline_pin__stress_light_0p01sun_temp_300k__Stress_matrix_jv_003_updated,0.01,26.850000000000023,1000,10,20.60877951894825,1.2720185298223674,0.8624149364200766,22.60799145873817,1.1373333333333333,19.878069864072245,22.61538683565649,0.999672993569729,0.0073953769183248,99.9672993569729
arch_baseline_pin__stress_light_0p20sun_temp_300k__Stress_matrix_jv_003_updated,0.2,26.850000000000023,0,1,20.609134086845,1.2721703002580282,0.8625792834027444,22.61538683644497,1.1373333333333333,19.88457224775349,22.61538683644497,1.0,0.0,100.0
arch_baseline_pin__stress_light_0p20sun_temp_300k__Stress_matrix_jv_003_updated,0.2,26.850000000000023,50,2,20.609049974366314,1.2721443846972966,0.8625589843045277,22.61430164104186,1.1373333333333333,19.88361809001336,22.61538683644497,0.9999520151739628,0.0010851954031103,99.99520151739628
arch_baseline_pin__stress_light_0p20sun_temp_300k__Stress_matrix_jv_003_updated,0.2,26.850000000000023,100,3,20.60894751754222,1.272112829626343,0.862534216024199,22.612978930922907,1.1373333333333333,19.882455097528933,22.61538683644497,0.9998935279975764,0.0024079055220624,99.98935279975764
arch_baseline_pin__stress_light_0p20sun_temp_300k__Stress_matrix_jv_003_updated,0.2,26.850000000000023,200,4,20.608742606307622,1.2720498266392417,0.8624846131735824,22.610333812909648,1.1373333333333333,19.880129378291016,22.61538683644497,0.9997765670084768,0.0050530235353214,99.97765670084767
arch_baseline_pin__stress_light_0p20sun_temp_300k__Stress_matrix_jv_003_updated,0.2,26.850000000000023,300,5,20.60853769437978,1.2719869658952834,0.8624349245011049,22.607689149519512,1.1373333333333333,19.877804058780345,22.61538683644497,0.9996596261217584,0.0076976869254572,99.96596261217584
arch_baseline_pin__stress_light_0p20sun_temp_300k__Stress_matrix_jv_003_updated,0.2,26.850000000000023,400,6,20.608332782451928,1.2719242463748477,0.8623851448293751,22.60504478756551,1.1373333333333333,19.87547900430731,22.61538683644497,0.9995426985638473,0.0103420488794583,99.95426985638473
arch_baseline_pin__stress_light_0p20sun_temp_300k__Stress_matrix_jv_003_updated,0.2,26.850000000000023,500,7,20.608128004099573,1.2718616681575,0.8623352916477417,22.60240133328192,1.1373333333333333,19.87315474790321,22.61538683644497,0.999425811141018,0.0129855031630512,99.9425811141018
arch_baseline_pin__stress_light_0p20sun_temp_300k__Stress_matrix_jv_003_updated,0.2,26.850000000000023,600,8,20.60792309217172,1.2717992295573937,0.8622853484497176,22.599758030898965,1.1373333333333333,19.870830625057707,22.61538683644497,0.9993089304348834,0.0156288055460045,99.93089304348834
arch_baseline_pin__stress_light_0p20sun_temp_300k__Stress_matrix_jv_003_updated,0.2,26.850000000000023,800,9,20.607513401891502,1.2716747722340522,0.8621851978726762,22.59447263947228,1.1373333333333333,19.86618344619485,22.61538683644497,0.9990752226736626,0.0209141969726935,99.90752226736626
arch_baseline_pin__stress_light_0p20sun_temp_300k__Stress_matrix_jv_003_updated,0.2,26.850000000000023,1000,10,20.607103843466422,1.2715508699756453,0.8620847193384586,22.589189365901223,1.1373333333333333,19.86153812945594,22.61538683644497,0.9988416085591104,0.0261974705437459,99.88416085591103
arch_baseline_pin__stress_light_0p40sun_temp_300k__Stress_matrix_jv_003_updated,0.4,26.850000000000023,0,1,20.60913408753825,1.2721703000789983,0.8625792892587482,22.61538698755772,1.1373333333333333,19.88457238061933,22.61538698755772,1.0,0.0,100.0
arch_baseline_pin__stress_light_0p40sun_temp_300k__Stress_matrix_jv_003_updated,0.4,26.850000000000023,50,2,20.608976990393646,1.2721237608214273,0.8625447536146026,22.61348184788435,1.1373333333333333,19.88289728711989,22.61538698755772,0.9999157591389256,0.0019051396733651,99.99157591389256
arch_baseline_pin__stress_light_0p40sun_temp_300k__Stress_matrix_jv_003_updated,0.4,26.850000000000023,100,3,20.608785599930243,1.2720671276327875,0.8625025937518995,22.61115987773796,1.1373333333333333,19.8808556955492,22.61538698755772,0.9998130870003646,0.0042271098197588,99.98130870003646
arch_baseline_pin__stress_light_0p40sun_temp_300k__Stress_matrix_jv_003_updated,0.4,26.850000000000023,200,4,20.608402685068537,1.2719542112769098,0.8624180669275776,22.606516995718927,1.1373333333333333,19.87677344289472,22.61538698755772,0.9996077895176558,0.0088699918387895,99.96077895176558
arch_baseline_pin__stress_light_0p40sun_temp_300k__Stress_matrix_jv_003_updated,0.4,26.850000000000023,300,5,20.60801977020683,1.2718417577204224,0.8623332631321643,22.60187562895772,1.1373333333333333,19.87269252253024,22.61538698755772,0.9994025590361364,0.0135113585999953,99.94025590361365
arch_baseline_pin__stress_light_0p40sun_temp_300k__Stress_matrix_jv_003_updated,0.4,26.850000000000023,400,6,20.607636988227355,1.2717297632829043,0.8622481849689142,22.597235925416747,1.1373333333333333,19.868613064551653,22.61538698755772,0.9991974020983608,0.0181510621409692,99.91974020983608
arch_baseline_pin__stress_light_0p40sun_temp_300k__Stress_matrix_jv_003_updated,0.4,26.850000000000023,500,7,20.60725420730053,1.2716182254876944,0.8621628282752791,22.59259758681295,1.1373333333333333,19.864534806693683,22.61538698755772,0.998992305514944,0.0227894007447666,99.8992305514944
arch_baseline_pin__stress_light_0p40sun_temp_300k__Stress_matrix_jv_003_updated,0.4,26.850000000000023,600,8,20.60687142462781,1.271507138864073,0.8620772025458004,22.587960761109947,1.1373333333333333,19.860457879053296,22.61538698755772,0.9987872758284942,0.0274262264477691,99.87872758284942
arch_baseline_pin__stress_light_0p40sun_temp_300k__Stress_matrix_jv_003_updated,0.4,26.850000000000023,800,9,20.60610612679272,1.271286310723774,0.8619051385950164,22.57869165441242,1.1373333333333333,19.852308019706115,22.61538698755772,0.9983774174120706,0.0366953331452961,99.83774174120708
arch_baseline_pin__stress_light_0p40sun_temp_300k__Stress_matrix_jv_003_updated,0.4,26.850000000000023,1000,10,20.605340961839858,1.2710672578553714,0.8617320015568942,22.569428302593803,1.1373333333333333,19.84416322033453,22.61538698755772,0.9979678134630552,0.0459586849639137,99.79678134630552
arch_baseline_pin__stress_light_0p60sun_temp_300k__Stress_matrix_jv_003_updated,0.6,26.850000000000023,0,1,20.60913395881552,1.27217030119155,0.86257928812836,22.615386836445072,1.1373333333333333,19.88457224775358,22.615386836445072,1.0,0.0,100.0
arch_baseline_pin__stress_light_0p60sun_temp_300k__Stress_matrix_jv_003_updated,0.6,26.850000000000023,50,2,20.608904008141312,1.2721031529916715,0.8625305229188621,22.61266235903088,1.1373333333333333,19.88217675178565,22.615386836445072,0.999879529922088,0.0027244774141941,99.9879529922088
arch_baseline_pin__stress_light_0p60sun_temp_300k__Stress_matrix_jv_003_updated,0.6,26.850000000000023,100,3,20.60862354907661,1.2720215046550638,0.8624709375669395,22.609341279182143,1.1373333333333333,19.879256693302,22.615386836445072,0.9997326794670084,0.0060455572629294,99.97326794670084
arch_baseline_pin__stress_light_0p60sun_temp_300k__Stress_matrix_jv_003_updated,0.6,26.850000000000023,200,4,20.60806263128105,1.2718589372838025,0.8623513324589702,22.60270154220052,1.1373333333333333,19.873418706506904,22.615386836445072,0.9994390856837296,0.0126852942445552,99.94390856837296
arch_baseline_pin__stress_light_0p60sun_temp_300k__Stress_matrix_jv_003_updated,0.6,26.850000000000023,300,5,20.607501978916105,1.2716973348879783,0.8622311459725497,22.596065135802,1.1373333333333333,19.867583648126026,22.615386836445072,0.999145639171118,0.0193217006430721,99.9145639171118
arch_baseline_pin__stress_light_0p60sun_temp_300k__Stress_matrix_jv_003_updated,0.6,26.850000000000023,400,6,20.606941327244414,1.2715366852751524,0.8621103918456988,22.58943191133057,1.1373333333333333,19.86175138745361,22.615386836445072,0.9988523333559488,0.025954925114501,99.88523333559488
arch_baseline_pin__stress_light_0p60sun_temp_300k__Stress_matrix_jv_003_updated,0.6,26.850000000000023,500,7,20.60638080845494,1.2713769799327626,0.8619890703220942,22.582801867125028,1.1373333333333333,19.85592192302904,22.615386836445072,0.9985591681647676,0.0325849693200446,99.85591681647676
arch_baseline_pin__stress_light_0p60sun_temp_300k__Stress_matrix_jv_003_updated,0.6,26.850000000000023,600,8,20.605820289665463,1.2712182054397825,0.861867190332963,22.57617485137786,1.1373333333333333,19.85009512137561,22.615386836445072,0.998266136884998,0.0392119850672116,99.8266136884998
arch_baseline_pin__stress_light_0p60sun_temp_300k__Stress_matrix_jv_003_updated,0.6,26.850000000000023,800,9,20.604699517157723,1.2709034224134286,0.861621779636114,22.5629303626406,1.1373333333333333,19.83844990853511,22.615386836445072,0.9976804962840636,0.0524564738044723,99.76804962840636
arch_baseline_pin__stress_light_0p60sun_temp_300k__Stress_matrix_jv_003_updated,0.6,26.850000000000023,1000,10,20.60357914296281,1.2705922687165632,0.8613742061386314,22.549698592274535,1.1373333333333333,19.82681587831876,22.615386836445072,0.9970954180600318,0.0656882441705342,99.70954180600316
arch_baseline_pin__stress_light_0p80sun_temp_300k__Stress_matrix_jv_003_updated,0.8,26.850000000000023,0,1,20.609133958122268,1.2721703011938534,0.8625792881257418,22.61538683565664,1.1373333333333333,19.884572247060348,22.61538683565664,1.0,0.0,100.0
arch_baseline_pin__stress_light_0p80sun_temp_300k__Stress_matrix_jv_003_updated,0.8,26.850000000000023,50,2,20.608831026941647,1.2720825614981162,0.8625162803516172,22.611842867815355,1.1373333333333333,19.88145621437458,22.61538683565664,0.9998432939543755,0.0035439678412814,99.98432939543756
arch_baseline_pin__stress_light_0p80sun_temp_300k__Stress_matrix_jv_003_updated,0.8,26.850000000000023,100,3,20.60846163285113,1.2719759604428795,0.8624392305866829,22.60752298206743,1.1373333333333333,19.8776579560968,22.61538683565664,0.9996522786169278,0.0078638535892068,99.96522786169278
arch_baseline_pin__stress_light_0p80sun_temp_300k__Stress_matrix_jv_003_updated,0.8,26.850000000000023,200,4,20.607722845003945,1.2717640037113311,0.8622843878947887,22.5988873006589,1.1373333333333333,19.870065035749327,22.61538683565664,0.999270428796216,0.0164995349977346,99.92704287962158
arch_baseline_pin__stress_light_0p80sun_temp_300k__Stress_matrix_jv_003_updated,0.8,26.850000000000023,300,5,20.6069841903984,1.2715536899310846,0.8621285722010045,22.59025737205925,1.1373333333333333,19.86247717355737,22.61538683565664,0.9988888333513816,0.0251294635973877,99.88888333513816
arch_baseline_pin__stress_light_0p80sun_temp_300k__Stress_matrix_jv_003_updated,0.8,26.850000000000023,400,6,20.606245801557293,1.271344994887008,0.861971783059494,22.58163289583688,1.1373333333333333,19.85489410536654,22.61538683565664,0.998507478998036,0.033753939819757,99.8507478998036
arch_baseline_pin__stress_light_0p80sun_temp_300k__Stress_matrix_jv_003_updated,0.8,26.850000000000023,500,7,20.60550754526457,1.2711378977000949,0.8618140404300055,22.57301387415068,1.1373333333333333,19.847315833075044,22.61538683565664,0.9981263658316404,0.0423729615059542,99.81263658316404
arch_baseline_pin__stress_light_0p80sun_temp_300k__Stress_matrix_jv_003_updated,0.8,26.850000000000023,600,8,20.604769421160825,1.2709323781963864,0.8616553580385897,22.564400303846792,1.1373333333333333,19.83974235390984,22.61538683565664,0.9977454937127382,0.0509865318098441,99.77454937127382
arch_baseline_pin__stress_light_0p80sun_temp_300k__Stress_matrix_jv_003_updated,0.8,26.850000000000023,800,9,20.603293705175503,1.2705259866533574,0.8613352326781598,22.547189666851292,1.1373333333333333,19.8246099063757,22.61538683565664,0.9969844792264256,0.0681971688053408,99.69844792264256
arch_baseline_pin__stress_light_0p80sun_temp_300k__Stress_matrix_jv_003_updated,0.8,26.850000000000023,1000,10,20.60181838958276,1.270125661795397,0.8610115040149519,22.530000388585933,1.1373333333333333,19.80949623849877,22.61538683565664,0.9962244091736658,0.0853864470707037,99.6224409173666
arch_baseline_pin__stress_light_1p00sun_temp_300k__Stress_matrix_jv_003_updated,1.0,26.850000000000023,0,1,20.60913395742902,1.2721702985249204,0.8625792913279998,22.6153868714081,1.1373333333333333,19.88457227849481,22.6153868714081,1.0,0.0,100.0
arch_baseline_pin__stress_light_1p00sun_temp_300k__Stress_matrix_jv_003_updated,1.0,26.850000000000023,50,2,20.60875804191632,1.272061987097748,0.8625020315182227,22.61102352928955,1.1373333333333333,19.8807358112159,22.6153868714081,0.9998070631228484,0.0043633421185482,99.98070631228482
arch_baseline_pin__stress_light_1p00sun_temp_300k__Stress_matrix_jv_003_updated,1.0,26.850000000000023,100,3,20.608299579224504,1.2719304950610433,0.862407484272921,22.60570498954426,1.1373333333333333,19.876059486703628,22.6153868714081,0.999571889620156,0.0096818818638375,99.9571889620156
arch_baseline_pin__stress_light_1p00sun_temp_300k__Stress_matrix_jv_003_updated,1.0,26.850000000000023,200,4,20.60738305387408,1.2716694071124122,0.8622172526794907,22.595074420419632,1.1373333333333333,19.86671256191644,22.6153868714081,0.9991018304880672,0.0203124509884666,99.91018304880672
arch_baseline_pin__stress_light_1p00sun_temp_300k__Stress_matrix_jv_003_updated,1.0,26.850000000000023,300,5,20.60646666176528,1.271410816066408,0.8620255471547404,22.58445263779198,1.1373333333333333,19.857373362654144,22.6153868714081,0.9986321598745131,0.0309342336161186,99.86321598745133
arch_baseline_pin__stress_light_1p00sun_temp_300k__Stress_matrix_jv_003_updated,1.0,26.850000000000023,400,6,20.60555053611418,1.271154675392234,0.8618323706831692,22.57383903220271,1.1373333333333333,19.848041353050448,22.6153868714081,0.9981628508306476,0.0415478392053891,99.81628508306476
arch_baseline_pin__stress_light_1p00sun_temp_300k__Stress_matrix_jv_003_updated,1.0,26.850000000000023,500,7,20.60463467484104,1.270900947690993,0.8616377663875209,22.56323405935529,1.1373333333333333,19.838716933782496,22.6153868714081,0.997693923506622,0.0521528120528067,99.7693923506622
arch_baseline_pin__stress_light_1p00sun_temp_300k__Stress_matrix_jv_003_updated,1.0,26.850000000000023,600,8,20.60371894714338,1.2706495867361296,0.8614417424429602,22.552636961630263,1.1373333333333333,19.8293994387136,22.6153868714081,0.9972253444022589,0.0627499097778354,99.72253444022589
arch_baseline_pin__stress_light_1p00sun_temp_300k__Stress_matrix_jv_003_updated,1.0,26.850000000000023,800,9,20.60188828942636,1.2701538368806902,0.861045565045541,22.531467907570647,1.1373333333333333,19.810786554135973,22.6153868714081,0.9962892978875568,0.0839189638374513,99.6289297887557
arch_baseline_pin__stress_light_1p00sun_temp_300k__Stress_matrix_jv_003_updated,1.0,26.850000000000023,1000,10,20.60005856188496,1.2696671513729183,0.8606440387906448,22.51033217300882,1.1373333333333333,19.792202965717017,22.6153868714081,0.9953547246838348,0.1050546983992788,99.53547246838347
arch_baseline_pin__stress_light_0p01sun_temp_320k__Stress_matrix_jv_003_updated,0.01,46.85000000000002,0,1,20.609133951883017,1.27217029872079,0.8625792914227847,22.61538687128928,1.1373333333333333,19.88457227839034,22.61538687128928,1.0,0.0,100.0
arch_baseline_pin__stress_light_0p01sun_temp_320k__Stress_matrix_jv_003_updated,0.01,46.85000000000002,50,2,20.60906320916004,1.2721400019303837,0.8625463149260557,22.61390609230553,1.1373333333333333,19.883270303902872,22.61538687128928,0.999934523384801,0.0014807789837476,99.99345233848013
arch_baseline_pin__stress_light_0p01sun_temp_320k__Stress_matrix_jv_003_updated,0.01,46.85000000000002,100,3,20.60897706357643,1.2721030988564554,0.8625062357820582,22.61210482554636,1.1373333333333333,19.881686540632792,22.61538687128928,0.9998548755428506,0.003282045742921,99.98548755428506
arch_baseline_pin__stress_light_0p01sun_temp_320k__Stress_matrix_jv_003_updated,0.01,46.85000000000002,200,4,20.60880450489883,1.272029427196241,0.8624259888938837,22.60850229192514,1.1373333333333333,19.878519014002176,22.61538687128928,0.9996955798544008,0.0068845793641401,99.96955798544008
arch_baseline_pin__stress_light_0p01sun_temp_320k__Stress_matrix_jv_003_updated,0.01,46.85000000000002,300,5,20.60863207910347,1.2719559301903591,0.8623456238824634,22.6049002124082,1.1373333333333333,19.875351886642616,22.61538687128928,0.99953630424539,0.0104866588810814,99.953630424539
arch_baseline_pin__stress_light_0p01sun_temp_320k__Stress_matrix_jv_003_updated,0.01,46.85000000000002,400,6,20.608459654001365,1.271882609085604,0.8622651452773273,22.601298582501947,1.1373333333333333,19.87218515460312,22.61538687128928,0.9993770485171216,0.0140882887873345,99.93770485171216
arch_baseline_pin__stress_light_0p01sun_temp_320k__Stress_matrix_jv_003_updated,0.01,46.85000000000002,500,7,20.60828709601701,1.2718094626214596,0.8621845539204233,22.597697255036035,1.1373333333333333,19.869018688484203,22.61538687128928,0.9992178061620648,0.0176896162532465,99.92178061620646
arch_baseline_pin__stress_light_0p01sun_temp_320k__Stress_matrix_jv_003_updated,0.01,46.85000000000002,600,8,20.608114803103888,1.2717364832048987,0.8621038498107899,22.59409653108476,1.1373333333333333,19.86585275300536,22.61538687128928,0.9990585904930264,0.0212903402045192,99.90585904930263
arch_baseline_pin__stress_light_0p01sun_temp_320k__Stress_matrix_jv_003_updated,0.01,46.85000000000002,800,9,20.60776981829708,1.2715910579942924,0.8619421083058945,22.58689629022313,1.1373333333333333,19.85952194333804,22.61538687128928,0.9987402125275018,0.0284905810661513,99.87402125275018
arch_baseline_pin__stress_light_0p01sun_temp_320k__Stress_matrix_jv_003_updated,0.01,46.85000000000002,1000,10,20.60742496739961,1.271446321632783,0.8617799118073408,22.579697705848076,1.1373333333333333,19.853192590136054,22.61538687128928,0.9984219078079748,0.0356891654412088,99.8421907807975
arch_baseline_pin__stress_light_0p20sun_temp_320k__Stress_matrix_jv_003_updated,0.2,46.85000000000002,0,1,20.609134084765245,1.2721702984934733,0.8625792859550939,22.615386869712577,1.1373333333333333,19.884572277004025,22.615386869712577,1.0,0.0,100.0
arch_baseline_pin__stress_light_0p20sun_temp_320k__Stress_matrix_jv_003_updated,0.2,46.85000000000002,50,2,20.608729005091664,1.272045724479991,0.8624811429671435,22.610155003685296,1.1373333333333333,19.879972160332912,22.615386869712577,0.9997686590082486,0.0052318660272803,99.97686590082486
arch_baseline_pin__stress_light_0p20sun_temp_320k__Stress_matrix_jv_003_updated,0.2,46.85000000000002,100,3,20.608235139219264,1.2718945569643023,0.8623611650461191,22.603781490473597,1.1373333333333333,19.87436825070949,22.615386869712577,0.9994868370235788,0.0116053792389827,99.94868370235788
arch_baseline_pin__stress_light_0p20sun_temp_320k__Stress_matrix_jv_003_updated,0.2,46.85000000000002,200,4,20.607247541743178,1.2715946690064566,0.8621197157892276,22.591042033290368,1.1373333333333333,19.86316708671486,22.615386869712577,0.9989235277484988,0.0243448364222089,99.8923527748499
arch_baseline_pin__stress_light_0p20sun_temp_320k__Stress_matrix_jv_003_updated,0.2,46.85000000000002,300,5,20.606260342579933,1.271297996980935,0.8618763174676477,22.578313170070672,1.1373333333333333,19.85197523745956,22.615386869712577,0.9983606869139366,0.0370736996419047,99.83606869139366
arch_baseline_pin__stress_light_0p20sun_temp_320k__Stress_matrix_jv_003_updated,0.2,46.85000000000002,400,6,20.60527327665831,1.2710044773776676,0.861631019049758,22.565594750793423,1.1373333333333333,19.8407925710376,22.615386869712577,0.9977983078863076,0.0497921189191501,99.77983078863076
arch_baseline_pin__stress_light_0p20sun_temp_320k__Stress_matrix_jv_003_updated,0.2,46.85000000000002,500,7,20.60428660938337,1.270714054141296,0.8613838364220248,22.55288647215379,1.1373333333333333,19.82961882076828,22.615386869712577,0.9972363772541742,0.0625003975587858,99.72363772541742
arch_baseline_pin__stress_light_0p20sun_temp_320k__Stress_matrix_jv_003_updated,0.2,46.85000000000002,600,8,20.60330020717965,1.270426672858433,0.8611348184941794,22.540188487423546,1.1373333333333333,19.818454121415776,22.615386869712577,0.9966749017948596,0.0751983822890345,99.66749017948598
arch_baseline_pin__stress_light_0p20sun_temp_320k__Stress_matrix_jv_003_updated,0.2,46.85000000000002,800,9,20.601328067902124,1.2698608251426793,0.8606314158573117,22.51482309128036,1.1373333333333333,19.79615160429105,22.615386869712577,0.9955533027574734,0.100563778432221,99.55533027574734
arch_baseline_pin__stress_light_0p20sun_temp_320k__Stress_matrix_jv_003_updated,0.2,46.85000000000002,1000,10,20.599356991348586,1.2693065015704073,0.8601210632796702,22.48949750046388,1.1373333333333333,19.77388408598817,22.615386869712577,0.9944334638193922,0.1258893692486964,99.44334638193922
arch_baseline_pin__stress_light_0p40sun_temp_320k__Stress_matrix_jv_003_updated,0.4,46.85000000000002,0,1,20.609134085458493,1.2721702984940828,0.8625792859858172,22.615386871289655,1.1373333333333333,19.884572278390674,22.615386871289655,1.0,0.0,100.0
arch_baseline_pin__stress_light_0p40sun_temp_320k__Stress_matrix_jv_003_updated,0.4,46.85000000000002,50,2,20.60837712072964,1.2719468418780906,0.8624123373065449,22.606207786978278,1.1373333333333333,19.876501571200123,22.615386871289655,0.9995941221627724,0.0091790843113841,99.95941221627724
arch_baseline_pin__stress_light_0p40sun_temp_320k__Stress_matrix_jv_003_updated,0.4,46.85000000000002,100,3,20.607454265710093,1.271676777525614,0.8622074425361126,22.595026374449105,1.1373333333333333,19.866670317510938,22.615386871289655,0.9990997060118216,0.0203604968405528,99.90997060118217
arch_baseline_pin__stress_light_0p40sun_temp_320k__Stress_matrix_jv_003_updated,0.4,46.85000000000002,200,4,20.60560948864516,1.2711445334895977,0.861792897049589,22.57268958885712,1.1373333333333333,19.84703070532572,22.615386871289655,0.9981120251147796,0.0426972824325382,99.81120251147796
arch_baseline_pin__stress_light_0p40sun_temp_320k__Stress_matrix_jv_003_updated,0.4,46.85000000000002,300,5,20.603765640369303,1.2706225293058535,0.8613722554184541,22.5503886876685,1.1373333333333333,19.827422644491648,22.615386871289655,0.9971259309428984,0.0649981836211566,99.71259309428984
arch_baseline_pin__stress_light_0p40sun_temp_320k__Stress_matrix_jv_003_updated,0.4,46.85000000000002,400,6,20.60192285553622,1.2701104164167674,0.860945693545517,22.52812215784809,1.1373333333333333,19.807844804673,22.615386871289655,0.9961413565932692,0.0872647134415665,99.61413565932692
arch_baseline_pin__stress_light_0p40sun_temp_320k__Stress_matrix_jv_003_updated,0.4,46.85000000000002,500,7,20.600081134813628,1.269607883478841,0.8605134371382386,22.50589029975373,1.1373333333333333,19.78829744995932,22.615386871289655,0.9951583153470202,0.1094965715359244,99.51583153470202
arch_baseline_pin__stress_light_0p40sun_temp_320k__Stress_matrix_jv_003_updated,0.4,46.85000000000002,600,8,20.59824007747506,1.269114594128366,0.8600756649125381,22.48369129864904,1.1373333333333333,19.768778984744173,22.615386871289655,0.9941767269607132,0.1316955726406199,99.41767269607132
arch_baseline_pin__stress_light_0p40sun_temp_320k__Stress_matrix_jv_003_updated,0.4,46.85000000000002,800,9,20.59456075406908,1.2681547246659035,0.8591843848939476,22.43939549677403,1.1373333333333333,19.729831913927928,22.615386871289655,0.9922180692500532,0.1759913745156289,99.22180692500532
arch_baseline_pin__stress_light_0p40sun_temp_320k__Stress_matrix_jv_003_updated,0.4,46.85000000000002,1000,10,20.590885285376963,1.2672286990056114,0.8582733249262476,22.395235507908662,1.1373333333333333,19.69100425666061,22.615386871289655,0.9902654168759556,0.2201513633809924,99.02654168759555
arch_baseline_pin__stress_light_0p60sun_temp_320k__Stress_matrix_jv_003_updated,0.6,46.85000000000002,0,1,20.609133952576265,1.2721702984788308,0.8625792902243187,22.61538683632693,1.1373333333333333,19.884572247649704,22.61538683632693,1.0,0.0,100.0
arch_baseline_pin__stress_light_0p60sun_temp_320k__Stress_matrix_jv_003_updated,0.6,46.85000000000002,50,2,20.608025367529507,1.271848324403977,0.8623433211371935,22.60226208742299,1.1373333333333333,19.87303231602256,22.61538683632693,0.9994196540170228,0.0131247489039409,99.94196540170228
arch_baseline_pin__stress_light_0p60sun_temp_320k__Stress_matrix_jv_003_updated,0.6,46.85000000000002,100,3,20.60667378879343,1.271460758250673,0.8620526773315458,22.586277619896872,1.1373333333333333,19.858977977635,22.61538683632693,0.998712857903306,0.0291092164300579,99.8712857903306
arch_baseline_pin__stress_light_0p60sun_temp_320k__Stress_matrix_jv_003_updated,0.6,46.85000000000002,200,4,20.603972362949733,1.270701885315998,0.8614616843828684,22.554364712084983,1.1373333333333333,19.830918562794537,22.61538683632693,0.9973017430706104,0.0610221242419442,99.73017430706103
arch_baseline_pin__stress_light_0p60sun_temp_320k__Stress_matrix_jv_003_updated,0.6,46.85000000000002,300,5,20.601272929697306,1.2699638122042531,0.8608582961688585,22.522524643247127,1.1373333333333333,19.80292319160064,22.61538683632693,0.9958938490085592,0.092862193079803,99.58938490085592
arch_baseline_pin__stress_light_0p60sun_temp_320k__Stress_matrix_jv_003_updated,0.6,46.85000000000002,400,6,20.5985754907565,1.269245590756347,0.8602431296716807,22.490756501496225,1.1373333333333333,19.774991062276868,22.61538683632693,0.9944891353956188,0.1246303348307051,99.44891353956189
arch_baseline_pin__stress_light_0p60sun_temp_320k__Stress_matrix_jv_003_updated,0.6,46.85000000000002,500,7,20.59588017728916,1.2685463497772853,0.8596168032060594,22.459060895678668,1.1373333333333333,19.74712271015123,22.61538683632693,0.9930876291535656,0.1563259406482622,99.30876291535655
arch_baseline_pin__stress_light_0p60sun_temp_320k__Stress_matrix_jv_003_updated,0.6,46.85000000000002,600,8,20.59318672627834,1.2678652643247423,0.8589798800559868,22.427437368002234,1.1373333333333333,19.719317732710053,22.61538683632693,0.9916893100398888,0.187949468324696,99.16893100398887
arch_baseline_pin__stress_light_0p60sun_temp_320k__Stress_matrix_jv_003_updated,0.6,46.85000000000002,800,9,20.587806333893266,1.2665544527718324,0.8576763451656225,22.364406252717824,1.1373333333333333,19.6638976430696,22.61538683632693,0.988902220181971,0.2509805836091061,98.89022201819712
arch_baseline_pin__stress_light_0p60sun_temp_320k__Stress_matrix_jv_003_updated,0.6,46.85000000000002,1000,10,20.582434182464823,1.265300513553565,0.8563410933880213,22.301660730323945,1.1373333333333333,19.60872866089444,22.61538683632693,0.9861277585798774,0.3137261060029885,98.61277585798774
arch_baseline_pin__stress_light_0p80sun_temp_320k__Stress_matrix_jv_003_updated,0.8,46.85000000000002,0,1,20.60913395049652,1.272170300266235,0.8625792861319324,22.615386758523904,1.1373333333333333,19.884572179241417,22.615386758523904,1.0,0.0,100.0
arch_baseline_pin__stress_light_0p80sun_temp_320k__Stress_matrix_jv_003_updated,0.8,46.85000000000002,50,2,20.607673613995523,1.2717501737596624,0.8622740928654344,22.598317748891333,1.1373333333333333,19.86956425752462,22.615386758523904,0.9992452479449137,0.0170690096325714,99.92452479449136
arch_baseline_pin__stress_light_0p80sun_temp_320k__Stress_matrix_jv_003_updated,0.8,46.85000000000002,100,3,20.605893447172583,1.2712464803433283,0.8618968989962095,22.57753537714733,1.1373333333333333,19.85129136325967,22.615386758523904,0.9983262996215484,0.0378513813765728,99.83262996215484
arch_baseline_pin__stress_light_0p80sun_temp_320k__Stress_matrix_jv_003_updated,0.8,46.85000000000002,200,4,20.60233616920136,1.270266520114149,0.8611262119482845,22.536067252158404,1.1373333333333333,19.81483052651677,22.615386758523904,0.9964926752209708,0.0793195063655005,99.64926752209708
arch_baseline_pin__stress_light_0p80sun_temp_320k__Stress_matrix_jv_003_updated,0.8,46.85000000000002,300,5,20.598782347965056,1.26932123729248,0.8603349621611472,22.494723909841124,1.1373333333333333,19.77847940490134,22.615386758523904,0.9946645684209976,0.1206628486827803,99.46645684209976
arch_baseline_pin__stress_light_0p80sun_temp_320k__Stress_matrix_jv_003_updated,0.8,46.85000000000002,400,6,20.595231981383947,1.268408601020693,0.8595245188752435,22.453504597313824,1.1373333333333333,19.7422373364424,22.615386758523904,0.992841945930946,0.1618821612100802,99.2841945930946
arch_baseline_pin__stress_light_0p80sun_temp_320k__Stress_matrix_jv_003_updated,0.8,46.85000000000002,500,7,20.591685204445472,1.267526775520575,0.8586961382793756,22.41240916182244,1.1373333333333333,19.706104186830988,22.615386758523904,0.9910248009963856,0.2029775967014622,99.10248009963854
arch_baseline_pin__stress_light_0p80sun_temp_320k__Stress_matrix_jv_003_updated,0.8,46.85000000000002,600,8,20.58814201537836,1.2666740353084505,0.8578510148068061,22.37143760147811,1.1373333333333333,19.67007995440631,22.615386758523904,0.9892131335337944,0.2439491570457939,98.92131335337945
arch_baseline_pin__stress_light_0p80sun_temp_320k__Stress_matrix_jv_003_updated,0.8,46.85000000000002,800,9,20.58106640476007,1.264974440790162,0.8561656099268932,22.28986323453507,1.1373333333333333,19.59835571617972,22.615386758523904,0.9856061040447984,0.325523523988835,98.56061040447986
arch_baseline_pin__stress_light_0p80sun_temp_320k__Stress_matrix_jv_003_updated,0.8,46.85000000000002,1000,10,20.5740051488358,1.2630598271383418,0.8546373293217109,22.20877604318349,1.1373333333333333,19.52705982694914,22.615386758523904,0.9820206163316152,0.4066107153404132,98.2020616331615
arch_baseline_pin__stress_light_1p00sun_temp_320k__Stress_matrix_jv_003_updated,1.0,46.85000000000002,0,1,20.609134084072,1.2721703003704032,0.8625792805006844,22.615386759312557,1.1373333333333333,19.884572179934835,22.615386759312557,1.0,0.0,100.0
arch_baseline_pin__stress_light_1p00sun_temp_320k__Stress_matrix_jv_003_updated,1.0,46.85000000000002,50,2,20.60732186287513,1.2716523784745266,0.8622046545508576,22.59437462421481,1.1373333333333333,19.86609726630845,22.615386759312557,0.9990708920735532,0.0210121350977381,99.90708920735533
arch_baseline_pin__stress_light_1p00sun_temp_320k__Stress_matrix_jv_003_updated,1.0,46.85000000000002,100,3,20.60511336959585,1.2710338996783308,0.8617401092433079,22.56879904442871,1.1373333333333333,19.843609945277297,22.615386759312557,0.997939999197022,0.0465877148838416,99.7939999197022
arch_baseline_pin__stress_light_1p00sun_temp_320k__Stress_matrix_jv_003_updated,1.0,46.85000000000002,200,4,20.600700639170885,1.2698381601492224,0.860786553409937,22.51779387360442,1.1373333333333333,19.7987636637788,22.615386759312557,0.9956846687281194,0.0975928857081349,99.56846687281194
arch_baseline_pin__stress_light_1p00sun_temp_320k__Stress_matrix_jv_003_updated,1.0,46.85000000000002,300,5,20.59629349303408,1.2686940506514333,0.8598026315844913,22.46698240260979,1.1373333333333333,19.754087692798763,22.615386759312557,0.9934379032168597,0.1484043567027626,99.34379032168596
arch_baseline_pin__stress_light_1p00sun_temp_320k__Stress_matrix_jv_003_updated,1.0,46.85000000000002,400,6,20.591892194176943,1.267597930024195,0.8587908140870217,22.41636387092407,1.1373333333333333,19.709581363649534,22.615386759312557,0.9911996690347764,0.1990228883884839,99.11996690347765
arch_baseline_pin__stress_light_1p00sun_temp_320k__Stress_matrix_jv_003_updated,1.0,46.85000000000002,500,7,20.58749634533922,1.2665464116393874,0.8577532792482453,22.36593358622789,1.1373333333333333,19.66524055061069,22.615386759312557,0.9889697586983808,0.2494531730846638,98.89697586983807
arch_baseline_pin__stress_light_1p00sun_temp_320k__Stress_matrix_jv_003_updated,1.0,46.85000000000002,600,8,20.58310568039708,1.2655364775629911,0.8566920679469435,22.31568987772665,1.1373333333333333,19.621063784636565,22.615386759312557,0.9867480983290065,0.299696881585902,98.67480983290064
arch_baseline_pin__stress_light_1p00sun_temp_320k__Stress_matrix_jv_003_updated,1.0,46.85000000000002,800,9,20.57434083240072,1.2631932266689443,0.8548019294002304,22.21576189547622,1.1373333333333333,19.53320213553009,22.615386759312557,0.9823295144987172,0.3996248638363333,98.23295144987172
arch_baseline_pin__stress_light_1p00sun_temp_320k__Stress_matrix_jv_003_updated,1.0,46.85000000000002,1000,10,20.56559818138298,1.261001998663413,0.8528265365667409,22.1165726577126,1.1373333333333333,19.445990027297128,22.615386759312557,0.9779435962378776,0.4988141015999545,97.79435962378776
arch_baseline_pin__stress_light_0p01sun_temp_340k__Stress_matrix_jv_003_updated,0.01,66.85000000000002,0,1,20.609134089618,1.272170300437385,0.8625792802061542,22.61538675886709,1.1373333333333333,19.88457217954316,22.61538675886709,1.0,0.0,100.0
arch_baseline_pin__stress_light_0p01sun_temp_340k__Stress_matrix_jv_003_updated,0.01,66.85000000000002,50,2,20.60885051574017,1.2720492445703595,0.8624462746220831,22.609436793454577,1.1373333333333333,19.879340674198048,22.61538675886709,0.9997369063162196,0.0059499654125083,99.97369063162196
arch_baseline_pin__stress_light_0p01sun_temp_340k__Stress_matrix_jv_003_updated,0.01,66.85000000000002,100,3,20.608504968130404,1.2719022447563422,0.8622844664854095,22.60220365186877,1.1373333333333333,19.87298093657864,22.61538675886709,0.9994170735553242,0.0131831069983157,99.94170735553242
arch_baseline_pin__stress_light_0p01sun_temp_340k__Stress_matrix_jv_003_updated,0.01,66.85000000000002,200,4,20.60781387327029,1.2716103442431452,0.8619594608739326,22.587741878757303,1.1373333333333333,19.860265426808887,22.61538675886709,0.9987776074579428,0.0276448801097792,99.87776074579428
arch_baseline_pin__stress_light_0p01sun_temp_340k__Stress_matrix_jv_003_updated,0.01,66.85000000000002,300,5,20.60712304001514,1.2713212064256558,0.8616325881755305,22.573285360749143,1.1373333333333333,19.84755453758717,22.61538675886709,0.9981383737290526,0.0421013981179427,99.81383737290524
arch_baseline_pin__stress_light_0p01sun_temp_340k__Stress_matrix_jv_003_updated,0.01,66.85000000000002,400,6,20.60643220675998,1.271034782592059,0.8613039106264623,22.558834553574677,1.1373333333333333,19.83484866961431,22.61538675886709,0.9974993925199958,0.0565522052924123,99.74993925199958
arch_baseline_pin__stress_light_0p01sun_temp_340k__Stress_matrix_jv_003_updated,0.01,66.85000000000002,500,7,20.60574137178446,1.270751028625366,0.8609734359108463,22.544388850211256,1.1373333333333333,19.822147289165816,22.61538675886709,0.9968606369896374,0.0709979086558298,99.68606369896376
arch_baseline_pin__stress_light_0p01sun_temp_340k__Stress_matrix_jv_003_updated,0.01,66.85000000000002,600,8,20.605050667945275,1.2704698997726347,0.8606411839444951,22.52994810022032,1.1373333333333333,19.809450263968625,22.61538675886709,0.9962221004859326,0.085438658646769,99.62221004859326
arch_baseline_pin__stress_light_0p01sun_temp_340k__Stress_matrix_jv_003_updated,0.01,66.85000000000002,800,9,20.60366965547287,1.2699153593663313,0.8599715050901292,22.5010826701847,1.1373333333333333,19.784070343069786,22.61538675886709,0.9949457380543107,0.1143040886823847,99.49457380543107
arch_baseline_pin__stress_light_0p01sun_temp_340k__Stress_matrix_jv_003_updated,0.01,66.85000000000002,1000,10,20.602288901832424,1.269370851950434,0.8592951079414572,22.47223841492844,1.1373333333333333,19.758709040089485,22.61538675886709,0.9936703119223677,0.1431483439386447,99.36703119223677
arch_baseline_pin__stress_light_0p20sun_temp_340k__Stress_matrix_jv_003_updated,0.2,66.85000000000002,0,1,20.60913408892475,1.2721703001464806,0.8625792804625055,22.615386759656044,1.1373333333333333,19.88457218023685,22.615386759656044,1.0,0.0,100.0
arch_baseline_pin__stress_light_0p20sun_temp_340k__Stress_matrix_jv_003_updated,0.2,66.85000000000002,50,2,20.607511172213943,1.271674788925248,0.8621834967831503,22.59442591253045,1.1373333333333333,19.866142361544945,22.615386759656044,0.9990731599088551,0.0209608471255933,99.90731599088552
arch_baseline_pin__stress_light_0p20sun_temp_340k__Stress_matrix_jv_003_updated,0.2,66.85000000000002,100,3,20.60553328382412,1.2710822488365807,0.8616944847549622,22.56892252830175,1.1373333333333333,19.843718518436475,22.615386759656044,0.997945459352604,0.0464642313542924,99.79454593526042
arch_baseline_pin__stress_light_0p20sun_temp_340k__Stress_matrix_jv_003_updated,0.2,66.85000000000002,200,4,20.60158069626905,1.269934144540666,0.8606939470050219,22.518035144760404,1.1373333333333333,19.798975801371984,22.615386759656044,0.9956953371644608,0.0973516148956399,99.56953371644607
arch_baseline_pin__stress_light_0p20sun_temp_340k__Stress_matrix_jv_003_updated,0.2,66.85000000000002,300,5,20.597632225726084,1.268832511477738,0.8596652721023414,22.46730497227967,1.1373333333333333,19.754371312086462,22.615386759656044,0.993452166485141,0.1480817873763733,99.3452166485141
arch_baseline_pin__stress_light_0p20sun_temp_340k__Stress_matrix_jv_003_updated,0.2,66.85000000000002,400,6,20.59368800438419,1.2677742819715287,0.8586106048421664,22.416732765254288,1.1373333333333333,19.709905713881263,22.615386759656044,0.9912159806722324,0.1986539944017558,99.12159806722325
arch_baseline_pin__stress_light_0p20sun_temp_340k__Stress_matrix_jv_003_updated,0.2,66.85000000000002,500,7,20.58974803293661,1.2667566249644862,0.8575318685387225,22.366317467556165,1.1373333333333333,19.665578078156067,22.615386759656044,0.988986733026198,0.2490692920998789,98.8986733026198
arch_baseline_pin__stress_light_0p20sun_temp_340k__Stress_matrix_jv_003_updated,0.2,66.85000000000002,600,8,20.58581231241051,1.2657769542968345,0.8564308393641551,22.31605847129265,1.1373333333333333,19.62138787042144,22.615386759656044,0.9867643966674328,0.2993282883633981,98.67643966674328
arch_baseline_pin__stress_light_0p20sun_temp_340k__Stress_matrix_jv_003_updated,0.2,66.85000000000002,800,9,20.577953618961526,1.2635582404674368,0.8544143325850332,22.21600545362276,1.1373333333333333,19.53341628395905,22.615386759656044,0.9823402840606844,0.3993813060332876,98.23402840606845
arch_baseline_pin__stress_light_0p20sun_temp_340k__Stress_matrix_jv_003_updated,0.2,66.85000000000002,1000,10,20.570112057612736,1.2614128066527333,0.852361501612688,22.11656719971024,1.1373333333333333,19.44598522835015,22.615386759656044,0.9779433548828066,0.498819559945808,97.79433548828068
arch_baseline_pin__stress_light_0p40sun_temp_340k__Stress_matrix_jv_003_updated,0.4,66.85000000000002,0,1,20.609134087538248,1.2721703002538305,0.8625792833551346,22.615386835882823,1.1373333333333333,19.884572247259225,22.615386835882823,1.0,0.0,100.0
arch_baseline_pin__stress_light_0p40sun_temp_340k__Stress_matrix_jv_003_updated,0.4,66.85000000000002,50,2,20.60610203152616,1.2712861951370202,0.8619035866856409,22.578644460023494,1.1373333333333333,19.852266524053483,22.615386835882823,0.9983753372813844,0.0367423758593297,99.83753372813844
arch_baseline_pin__stress_light_0p40sun_temp_340k__Stress_matrix_jv_003_updated,0.4,66.85000000000002,100,3,20.602408185135555,1.270245496903402,0.8610578364170426,22.533983653357872,1.1373333333333333,19.81299852288207,22.615386835882823,0.9964005399016304,0.0814031825249514,99.64005399016304
arch_baseline_pin__stress_light_0p40sun_temp_340k__Stress_matrix_jv_003_updated,0.4,66.85000000000002,200,4,20.595032188325664,1.2682780150732176,0.8592984905535451,22.4450712423294,1.1373333333333333,19.73482231154402,22.615386835882823,0.9924690391197204,0.1703155935534255,99.24690391197204
arch_baseline_pin__stress_light_0p40sun_temp_340k__Stress_matrix_jv_003_updated,0.4,66.85000000000002,300,5,20.58767094036307,1.2664474001154606,0.8574586691106661,22.356693375213165,1.1373333333333333,19.657116097784144,22.615386835882823,0.9885611746309286,0.258693460669658,98.85611746309286
arch_baseline_pin__stress_light_0p40sun_temp_340k__Stress_matrix_jv_003_updated,0.4,66.85000000000002,400,6,20.58032510529974,1.2645818609175647,0.8556547656334943,22.26884808286111,1.1373333333333333,19.57987815022958,22.615386835882823,0.9846768593640912,0.346538753021715,98.46768593640913
arch_baseline_pin__stress_light_0p40sun_temp_340k__Stress_matrix_jv_003_updated,0.4,66.85000000000002,500,7,20.57299428590077,1.2625795383097598,0.8539555156916477,22.181530067817995,1.1373333333333333,19.50310381109437,22.615386835882823,0.9808158590780128,0.4338567680648282,98.0815859078013
arch_baseline_pin__stress_light_0p40sun_temp_340k__Stress_matrix_jv_003_updated,0.4,66.85000000000002,600,8,20.56567888045364,1.2607229040436794,0.852169658248223,22.09473312132685,1.1373333333333333,19.42678762133076,22.615386835882823,0.976977899235848,0.5206537145559729,97.6977899235848
arch_baseline_pin__stress_light_0p40sun_temp_340k__Stress_matrix_jv_003_updated,0.4,66.85000000000002,800,9,20.55109324799764,1.2573789343157291,0.8484868365044402,21.925334049059718,1.116,19.646356674784688,22.615386835882823,0.9694874648030236,0.6900527868231094,96.94874648030238
arch_baseline_pin__stress_light_0p40sun_temp_340k__Stress_matrix_jv_003_updated,0.4,66.85000000000002,1000,10,20.536567941139964,1.2544389975801402,0.846172060430703,21.798976058480505,1.116,19.533132668889337,22.615386835882823,0.9639002072647744,0.8164107774023215,96.39002072647745
arch_baseline_pin__stress_light_0p60sun_temp_340k__Stress_matrix_jv_003_updated,0.6,66.85000000000002,0,1,20.6091340882315,1.2721703001486886,0.8625792834275037,22.615386836671856,1.1373333333333333,19.88457224795298,22.615386836671856,1.0,0.0,100.0
arch_baseline_pin__stress_light_0p60sun_temp_340k__Stress_matrix_jv_003_updated,0.6,66.85000000000002,50,2,20.604693692650653,1.270903198253318,0.8616203897064934,22.562883607476824,1.1373333333333333,19.838408799071065,22.615386836671856,0.9976784288690612,0.0525032291950324,99.76784288690612
arch_baseline_pin__stress_light_0p60sun_temp_340k__Stress_matrix_jv_003_updated,0.6,66.85000000000002,100,3,20.599286016865133,1.269434445144293,0.8604061078777645,22.49914065995033,1.1373333333333333,19.78236283114039,22.615386836671856,0.9948598634389476,0.1162461767215212,99.48598634389477
arch_baseline_pin__stress_light_0p60sun_temp_340k__Stress_matrix_jv_003_updated,0.6,66.85000000000002,200,4,20.58849551580886,1.2667216482748962,0.8578454090288873,22.37251645681357,1.1373333333333333,19.67102853764382,22.615386836671856,0.989260834598484,0.2428703798582852,98.9260834598484
arch_baseline_pin__stress_light_0p60sun_temp_340k__Stress_matrix_jv_003_updated,0.6,66.85000000000002,300,5,20.577738239799515,1.263990701775894,0.8553236622165545,22.24702815471932,1.1373333333333333,19.560692984805964,22.615386836671856,0.9837120326699328,0.3683586819525395,98.37120326699328
arch_baseline_pin__stress_light_0p60sun_temp_340k__Stress_matrix_jv_003_updated,0.6,66.85000000000002,400,6,20.567013790524257,1.2612144627772892,0.8528587504985394,22.12265727771096,1.1373333333333333,19.451339927647386,22.615386836671856,0.9782126406893066,0.492729558960896,97.82126406893066
arch_baseline_pin__stress_light_0p60sun_temp_340k__Stress_matrix_jv_003_updated,0.6,66.85000000000002,500,7,20.556322299838087,1.2587151381178223,0.850232444444089,21.99938534974508,1.1373333333333333,19.34295312111232,22.615386836671856,0.9727618416887788,0.6160014869267769,97.27618416887788
arch_baseline_pin__stress_light_0p60sun_temp_340k__Stress_matrix_jv_003_updated,0.6,66.85000000000002,600,8,20.54566350195128,1.2564474389979214,0.8479827128311228,21.89028899310852,1.116,19.6149542949001,22.615386836671856,0.9679378536038322,0.72509784356334,96.79378536038324
arch_baseline_pin__stress_light_0p60sun_temp_340k__Stress_matrix_jv_003_updated,0.6,66.85000000000002,800,9,20.52444332121702,1.252469182952772,0.844559232761493,21.7104362145122,1.116,19.45379589113996,22.615386836671856,0.9599851805014346,0.9049506221596566,95.99851805014346
arch_baseline_pin__stress_light_0p60sun_temp_340k__Stress_matrix_jv_003_updated,0.6,66.85000000000002,1000,10,20.50335191775314,1.2490710016779991,0.8408067329160095,21.533180091629475,1.116,19.29496423981136,22.615386836671856,0.9521473254975442,1.082206745042381,95.21473254975442
arch_baseline_pin__stress_light_0p80sun_temp_340k__Stress_matrix_jv_003_updated,0.8,66.85000000000002,0,1,20.6091340882315,1.272170300253833,0.8625792833562322,22.61538683667239,1.1373333333333333,19.88457224795345,22.61538683667239,1.0,0.0,100.0
arch_baseline_pin__stress_light_0p80sun_temp_340k__Stress_matrix_jv_003_updated,0.8,66.85000000000002,50,2,20.603285882890443,1.2705256376991052,0.8613339980978999,22.547142596272547,1.1373333333333333,19.82456851958313,22.61538683667239,0.99698239782973,0.0682442403998422,99.698239782973
arch_baseline_pin__stress_light_0p80sun_temp_340k__Stress_matrix_jv_003_updated,0.8,66.85000000000002,100,3,20.596166902857345,1.2686478084476172,0.8597401889389981,22.464393846728324,1.1373333333333333,19.751811705798644,22.61538683667239,0.9933234398759336,0.1509929899440649,99.33234398759336
arch_baseline_pin__stress_light_0p80sun_temp_340k__Stress_matrix_jv_003_updated,0.8,66.85000000000002,200,4,20.581972267785066,1.265234775166161,0.8563555795856973,22.30037881644061,1.1373333333333333,19.607601538488225,22.61538683667239,0.9860710753034312,0.3150080202317795,98.60710753034311
arch_baseline_pin__stress_light_0p80sun_temp_340k__Stress_matrix_jv_003_updated,0.8,66.85000000000002,300,5,20.567835317253447,1.2615003260023792,0.853234606844026,22.138307493890416,1.1373333333333333,19.46510037563636,22.61538683667239,0.97890465698299,0.4770793427819733,97.890465698299
arch_baseline_pin__stress_light_0p80sun_temp_340k__Stress_matrix_jv_003_updated,0.8,66.85000000000002,400,6,20.553755781672432,1.2582502326434866,0.8498311880744758,21.978137020036208,1.1373333333333333,19.324270533443325,22.61538683667239,0.9718222897871092,0.6372498166361815,97.18222897871092
arch_baseline_pin__stress_light_0p80sun_temp_340k__Stress_matrix_jv_003_updated,0.8,66.85000000000002,500,7,20.53973299868532,1.2553836596690873,0.8472604609760275,21.84681871802345,1.116,19.57600243550488,22.61538683667239,0.9660156987718354,0.7685681186489433,96.60156987718354
arch_baseline_pin__stress_light_0p80sun_temp_340k__Stress_matrix_jv_003_updated,0.8,66.85000000000002,600,8,20.52576683576906,1.252824716653609,0.8450242769219637,21.7299581626146,1.116,19.471288676177952,22.61538683667239,0.9608483958089096,0.8854286740577919,96.08483958089096
arch_baseline_pin__stress_light_0p80sun_temp_340k__Stress_matrix_jv_003_updated,0.8,66.85000000000002,800,9,20.49800276893816,1.2484246662258915,0.8401490919162646,21.4995935964758,1.116,19.264868814046416,22.61538683667239,0.9506622085107448,1.115793240196588,95.06622085107448
arch_baseline_pin__stress_light_0p80sun_temp_340k__Stress_matrix_jv_003_updated,0.8,66.85000000000002,1000,10,20.470460395730605,1.2447442563810285,0.8348967612904196,21.27357690985501,1.116,19.06234490130377,22.61538683667239,0.940668274369663,1.3418099268173798,94.0668274369663
arch_baseline_pin__stress_light_1p00sun_temp_340k__Stress_matrix_jv_003_updated,1.0,66.85000000000002,0,1,20.609134088924748,1.2721703002538345,0.8625792832971643,22.615386835884483,1.1373333333333333,19.88457224726068,22.615386835884483,1.0,0.0,100.0
arch_baseline_pin__stress_light_1p00sun_temp_340k__Stress_matrix_jv_003_updated,1.0,66.85000000000002,50,2,20.601878473163435,1.2701533324087528,0.8610444484440778,22.53141900428829,1.1373333333333333,19.810743555939297,22.615386835884483,0.9962871370626764,0.0839678315961904,99.62871370626765
arch_baseline_pin__stress_light_1p00sun_temp_340k__Stress_matrix_jv_003_updated,1.0,66.85000000000002,100,3,20.593050314356223,1.2678843069624472,0.8590608205961421,22.429738976846803,1.1373333333333333,19.72134142161208,22.615386835884483,0.9917910818689554,0.1856478590376795,99.17910818689552
arch_baseline_pin__stress_light_1p00sun_temp_340k__Stress_matrix_jv_003_updated,1.0,66.85000000000002,200,4,20.575461516492183,1.2634931233541944,0.8550480985271681,22.22864620142216,1.1373333333333333,19.54453065775688,22.615386835884483,0.9828992253252696,0.3867406344623241,98.28992253252696
arch_baseline_pin__stress_light_1p00sun_temp_340k__Stress_matrix_jv_003_updated,1.0,66.85000000000002,300,5,20.55796137263297,1.259236802839565,0.851014682847788,22.03050776045499,1.1373333333333333,19.370317491607555,22.615386835884483,0.9741380026053128,0.584879075429491,97.41380026053127
arch_baseline_pin__stress_light_1p00sun_temp_340k__Stress_matrix_jv_003_updated,1.0,66.85000000000002,400,6,20.540549218676205,1.2556110885090197,0.8475017447726179,21.857867804500543,1.116,19.585903050627724,22.615386835884483,0.966504263805828,0.7575190313839393,96.6504263805828
arch_baseline_pin__stress_light_1p00sun_temp_340k__Stress_matrix_jv_003_updated,1.0,66.85000000000002,500,7,20.52322465530689,1.252464576032536,0.8447518126933392,21.71401746899841,1.116,19.45700490053621,22.615386835884483,0.9601435353095156,0.9013693668860724,96.01435353095157
arch_baseline_pin__stress_light_1p00sun_temp_340k__Stress_matrix_jv_003_updated,1.0,66.85000000000002,600,8,20.505986620803327,1.2496942074203965,0.8417900566194171,21.571891037534453,1.116,19.329651467324776,22.615386835884483,0.9538590338550264,1.0434957983500297,95.38590338550264
arch_baseline_pin__stress_light_1p00sun_temp_340k__Stress_matrix_jv_003_updated,1.0,66.85000000000002,800,9,20.47176773888641,1.245003083015818,0.8354187866809892,21.292664437492277,1.116,19.079448420692,22.615386835884483,0.9415122806436632,1.3227223983922087,94.15122806436632
arch_baseline_pin__stress_light_1p00sun_temp_340k__Stress_matrix_jv_003_updated,1.0,66.85000000000002,1000,10,20.4378869927972,1.2403922334629218,0.8291550451165102,21.019906476114404,1.116,18.8350416452638,22.615386835884483,0.9294515556444746,1.5954803597700788,92.94515556444746
arch_baseline_pin__stress_light_0p01sun_temp_360k__Stress_matrix_jv_003_updated,0.01,86.85000000000002,0,1,20.609134086845,1.272170298922689,0.8625792856591254,22.61538687186517,1.1373333333333333,19.884572278896687,22.61538687186517,1.0,0.0,100.0
arch_baseline_pin__stress_light_0p01sun_temp_360k__Stress_matrix_jv_003_updated,0.01,86.85000000000002,50,2,20.608160271708737,1.271756990513383,0.862117690575896,22.594873468655702,1.1373333333333333,19.8665358751369,22.61538687186517,0.9990929448465468,0.0205134032094633,99.90929448465468
arch_baseline_pin__stress_light_0p01sun_temp_360k__Stress_matrix_jv_003_updated,0.01,86.85000000000002,100,3,20.606973565873627,1.2712603128005138,0.861553260717614,22.569962291985288,1.1373333333333333,19.844632730350487,22.61538687186517,0.9979914303417736,0.045424579879878,99.79914303417738
arch_baseline_pin__stress_light_0p01sun_temp_360k__Stress_matrix_jv_003_updated,0.01,86.85000000000002,200,4,20.604600661134697,1.27029061084183,0.8604080146723925,22.52017376056969,1.1373333333333333,19.80085617869551,22.61538687186517,0.9957898968593846,0.0952131112954717,99.57898968593844
arch_baseline_pin__stress_light_0p01sun_temp_360k__Stress_matrix_jv_003_updated,0.01,86.85000000000002,300,5,20.6022289239381,1.269351018472986,0.8592417773276154,22.470427199885695,1.1373333333333333,19.75711652979399,22.61538687186517,0.9935902192254864,0.1449596719794676,99.35902192254864
arch_baseline_pin__stress_light_0p01sun_temp_360k__Stress_matrix_jv_003_updated,0.01,86.85000000000002,400,6,20.599857957716864,1.268439889352298,0.8580557045738333,22.420722311439057,1.1373333333333333,19.71341352119495,22.61538687186517,0.9913923842413556,0.1946645604261085,99.13923842413554
arch_baseline_pin__stress_light_0p01sun_temp_360k__Stress_matrix_jv_003_updated,0.01,86.85000000000002,500,7,20.597488157985328,1.2675558413223278,0.8568508139183917,22.371060711753383,1.1373333333333333,19.669748574226304,22.61538687186517,0.9891964633859198,0.2443261601117825,98.919646338592
arch_baseline_pin__stress_light_0p01sun_temp_360k__Stress_matrix_jv_003_updated,0.01,86.85000000000002,600,8,20.59511939152739,1.2666974351540805,0.8556281548487426,22.32144326658267,1.1373333333333333,19.626122450101995,22.61538687186517,0.9870024949408148,0.2939436052824966,98.70024949408148
arch_baseline_pin__stress_light_0p01sun_temp_360k__Stress_matrix_jv_003_updated,0.01,86.85000000000002,800,9,20.59038469541531,1.264979321253201,0.853182526852904,22.222342629868542,1.1373333333333333,19.538988244315835,22.61538687186517,0.9826204944348932,0.3930442419966233,98.26204944348932
arch_baseline_pin__stress_light_0p01sun_temp_360k__Stress_matrix_jv_003_updated,0.01,86.85000000000002,1000,10,20.5856542666663,1.263033218231832,0.8508889605711794,22.12342368362165,1.1373333333333333,19.45201378981974,22.61538687186517,0.9782465278603948,0.4919631882435133,97.82465278603948
arch_baseline_pin__stress_light_0p20sun_temp_360k__Stress_matrix_jv_003_updated,0.2,86.85000000000002,0,1,20.6091340882315,1.2721703002473508,0.8625792804620794,22.615386760677307,1.1373333333333333,19.8845721811348,22.615386760677307,1.0,0.0,100.0
arch_baseline_pin__stress_light_0p20sun_temp_360k__Stress_matrix_jv_003_updated,0.2,86.85000000000002,50,2,20.603562880796936,1.2705052489066668,0.8611951760808193,22.54344996248439,1.1373333333333333,19.821321772407146,22.615386760677307,0.9968191214700782,0.0719367981929153,99.68191214700782
arch_baseline_pin__stress_light_0p20sun_temp_360k__Stress_matrix_jv_003_updated,0.2,86.85000000000002,100,3,20.59678055359393,1.268602882386931,0.8594324604070962,22.45622693449315,1.1373333333333333,19.74463095060945,22.615386760677307,0.992962321278498,0.1591598261841582,99.2962321278498
arch_baseline_pin__stress_light_0p20sun_temp_360k__Stress_matrix_jv_003_updated,0.2,86.85000000000002,200,4,20.5832533328425,1.2651176591500917,0.8557188767026395,22.283122589296447,1.1373333333333333,19.59242900582923,22.615386760677307,0.9853080482373804,0.33226417138086,98.53080482373802
arch_baseline_pin__stress_light_0p20sun_temp_360k__Stress_matrix_jv_003_updated,0.2,86.85000000000002,300,5,20.56977589264788,1.2613324208090475,0.8522452765712146,22.111780869701057,1.1373333333333333,19.44177684909237,22.615386760677307,0.9777317144161382,0.5036058909762495,97.7731714416138
arch_baseline_pin__stress_light_0p20sun_temp_360k__Stress_matrix_jv_003_updated,0.2,86.85000000000002,400,6,20.55634783605849,1.2580362608553373,0.848507060391591,21.942927962967868,1.116,19.662121830616368,22.615386760677307,0.9702654301327854,0.6724587977094387,97.02654301327854
arch_baseline_pin__stress_light_0p20sun_temp_360k__Stress_matrix_jv_003_updated,0.2,86.85000000000002,500,7,20.54296889386879,1.2551271196075446,0.8462220176604666,21.819020131708378,1.116,19.551093307982416,22.615386760677307,0.9647865129437618,0.7963666289689293,96.47865129437618
arch_baseline_pin__stress_light_0p20sun_temp_360k__Stress_matrix_jv_003_updated,0.2,86.85000000000002,600,8,20.529638803062085,1.2525279472416753,0.8437499493975771,21.69614092960997,1.116,19.44098649606628,22.615386760677307,0.9593530793527846,0.919245831067336,95.93530793527846
arch_baseline_pin__stress_light_0p20sun_temp_360k__Stress_matrix_jv_003_updated,0.2,86.85000000000002,800,9,20.50312411323272,1.2480531742114875,0.8383843736403471,21.453408624492088,1.116,19.223484430548464,22.615386760677307,0.9486200192602668,1.161978136185219,94.86200192602668
arch_baseline_pin__stress_light_0p20sun_temp_360k__Stress_matrix_jv_003_updated,0.2,86.85000000000002,1000,10,20.476801240011707,1.244302746898497,0.8326202945183804,21.21461560044637,1.116,19.009512186779897,22.615386760677307,0.9380611450489744,1.4007711602309385,93.80611450489744
arch_baseline_pin__stress_light_0p40sun_temp_360k__Stress_matrix_jv_003_updated,0.4,86.85000000000002,0,1,20.609134087538248,1.272170300528299,0.8625792832080204,22.615386836904968,1.1373333333333333,19.884572248157944,22.615386836904968,1.0,0.0,100.0
arch_baseline_pin__stress_light_0p40sun_temp_360k__Stress_matrix_jv_003_updated,0.4,86.85000000000002,50,2,20.598730590379844,1.2692485723023352,0.8601882473963051,22.489543789168728,1.1373333333333333,19.773924785318343,22.615386836904968,0.9944355120412584,0.1258430477362395,99.44355120412584
arch_baseline_pin__stress_light_0p40sun_temp_360k__Stress_matrix_jv_003_updated,0.4,86.85000000000002,100,3,20.58608450508366,1.2660720981112257,0.8570461723174667,22.337594802149948,1.1373333333333333,19.64032368301578,22.615386836904968,0.9877166799419188,0.27779203475502,98.77166799419189
arch_baseline_pin__stress_light_0p40sun_temp_360k__Stress_matrix_jv_003_updated,0.4,86.85000000000002,200,4,20.56092704480774,1.2595922469365206,0.8509522126595205,22.03828742053444,1.1373333333333333,19.37715775545232,22.615386836904968,0.9744820011025064,0.5770994163705296,97.44820011025064
arch_baseline_pin__stress_light_0p40sun_temp_360k__Stress_matrix_jv_003_updated,0.4,86.85000000000002,300,5,20.535947075090807,1.254331009011623,0.8460553666512133,21.793434615148637,1.116,19.52816721787512,22.615386836904968,0.963655177438087,0.8219522217563338,96.36551774380872
arch_baseline_pin__stress_light_0p40sun_temp_360k__Stress_matrix_jv_003_updated,0.4,86.85000000000002,400,6,20.511142604419376,1.2500223150947276,0.8416432857850075,21.57921704792643,1.116,19.336215992765617,22.615386836904968,0.9541829730151836,1.0361697889785368,95.41829730151836
arch_baseline_pin__stress_light_0p40sun_temp_360k__Stress_matrix_jv_003_updated,0.4,86.85000000000002,500,7,20.486511638456967,1.2463929596678154,0.8368556190813886,21.36847546522384,1.116,19.147379449125303,22.615386836904968,0.9448644685729474,1.2469113716811258,94.48644685729474
arch_baseline_pin__stress_light_0p40sun_temp_360k__Stress_matrix_jv_003_updated,0.4,86.85000000000002,600,8,20.46205205139636,1.243071229004432,0.8319423649291268,21.16110978185783,1.116,18.96156790489053,22.615386836904968,0.9356952385765088,1.454277055047136,93.56952385765088
arch_baseline_pin__stress_light_0p40sun_temp_360k__Stress_matrix_jv_003_updated,0.4,86.85000000000002,800,9,20.41363970776818,1.2366526640540003,0.8238279600879825,20.79719243272989,1.094666666666667,18.99865325767042,22.615386836904968,0.919603656692352,1.8181944041750773,91.9603656692352
arch_baseline_pin__stress_light_0p40sun_temp_360k__Stress_matrix_jv_003_updated,0.4,86.85000000000002,1000,10,20.36589002703522,1.231641029627387,0.8165606791030331,20.482171837019944,1.094666666666667,18.710875612381187,22.615386836904968,0.9056741759374228,2.1332149998850234,90.56741759374228
arch_baseline_pin__stress_light_0p60sun_temp_360k__Stress_matrix_jv_003_updated,0.6,86.85000000000002,0,1,20.60913395604252,1.272170300252507,0.8625792916647667,22.615386909427425,1.1373333333333333,19.884572311923293,22.615386909427425,1.0,0.0,100.0
arch_baseline_pin__stress_light_0p60sun_temp_360k__Stress_matrix_jv_003_updated,0.6,86.85000000000002,50,2,20.593905608972484,1.2680497362181016,0.8591478337661851,22.435869503307984,1.1373333333333333,19.72673168520632,22.615386909427425,0.9920621563169184,0.1795174061194409,99.20621563169183
arch_baseline_pin__stress_light_0p60sun_temp_360k__Stress_matrix_jv_003_updated,0.6,86.85000000000002,100,3,20.575423016373573,1.2633712006168478,0.8548020693489201,22.220064243984304,1.1373333333333333,19.53698497419488,22.615386909427425,0.9825197478589974,0.3953226654431212,98.25197478589976
arch_baseline_pin__stress_light_0p60sun_temp_360k__Stress_matrix_jv_003_updated,0.6,86.85000000000002,200,4,20.538747648672523,1.255088522802004,0.846906061404626,21.831499096168653,1.116,19.56227517577836,22.615386909427425,0.9653382974875392,0.7838878132587723,96.53382974875392
arch_baseline_pin__stress_light_0p60sun_temp_360k__Stress_matrix_jv_003_updated,0.6,86.85000000000002,300,5,20.502453923673706,1.2489477392859971,0.8406289868735837,21.52556066961762,1.116,19.28813680073263,22.615386909427425,0.951810409250372,1.0898262398098062,95.18104092503718
arch_baseline_pin__stress_light_0p60sun_temp_360k__Stress_matrix_jv_003_updated,0.6,86.85000000000002,400,6,20.46653466317008,1.2441161260774851,0.833649281420423,21.226999755311788,1.116,19.020609099741744,22.615386909427425,0.9386087375079628,1.3883871541156374,93.86087375079627
arch_baseline_pin__stress_light_0p60sun_temp_360k__Stress_matrix_jv_003_updated,0.6,86.85000000000002,500,7,20.43098415345777,1.2391744796938289,0.826949875562687,20.93634826050464,1.094666666666667,19.125774903018847,22.615386909427425,0.925756801966414,1.6790386489227878,92.5756801966414
arch_baseline_pin__stress_light_0p60sun_temp_360k__Stress_matrix_jv_003_updated,0.6,86.85000000000002,600,8,20.395795617056407,1.2350817941345738,0.8220260494987657,20.70722734263963,1.094666666666667,18.916468339804773,22.615386909427425,0.9156256059456422,1.9081595667877949,91.56256059456422
arch_baseline_pin__stress_light_0p60sun_temp_360k__Stress_matrix_jv_003_updated,0.6,86.85000000000002,800,9,20.32648200734853,1.2286274121101977,0.8113890543953486,20.26336490888362,1.094666666666667,18.51099108606908,22.615386909427425,0.895999037736412,2.352022000543805,89.5999037736412
arch_baseline_pin__stress_light_0p60sun_temp_360k__Stress_matrix_jv_003_updated,0.6,86.85000000000002,1000,10,20.25854692218655,1.2236543266318771,0.800240623869042,19.83753180952479,1.094666666666667,18.121983991648708,22.615386909427425,0.8771696849128564,2.7778550999026344,87.71696849128564
arch_baseline_pin__stress_light_0p80sun_temp_360k__Stress_matrix_jv_003_updated,0.8,86.85000000000002,0,1,20.60913408892475,1.2721703003589162,0.862579280327505,22.615386759893028,1.1373333333333333,19.88457218044522,22.615386759893028,1.0,0.0,100.0
arch_baseline_pin__stress_light_0p80sun_temp_360k__Stress_matrix_jv_003_updated,0.8,86.85000000000002,50,2,20.58908674720781,1.2669041143992776,0.8580766261014391,22.382412840472785,1.1373333333333333,19.67972993007572,22.615386759893028,0.9896984331113272,0.2329739194202424,98.96984331113272
arch_baseline_pin__stress_light_0p80sun_temp_360k__Stress_matrix_jv_003_updated,0.8,86.85000000000002,100,3,20.56479396856327,1.260768690910034,0.8525175291564541,22.10360422221845,1.1373333333333333,19.43458753418973,22.615386759893028,0.9773701620446223,0.5117825376745735,97.73701620446224
arch_baseline_pin__stress_light_0p80sun_temp_360k__Stress_matrix_jv_003_updated,0.8,86.85000000000002,200,4,20.51671209710656,1.2513090060891068,0.8434858475897569,21.65459844479157,1.116,19.40376204730428,22.615386759893028,0.9575161669662288,0.9607883151014532,95.75161669662288
arch_baseline_pin__stress_light_0p80sun_temp_360k__Stress_matrix_jv_003_updated,0.8,86.85000000000002,300,5,20.469289133187047,1.2446114887728514,0.8346565692170159,21.263971522595835,1.116,19.05373792347297,22.615386759893028,0.9402435495954532,1.3514152372971928,94.02435495954532
arch_baseline_pin__stress_light_0p80sun_temp_360k__Stress_matrix_jv_003_updated,0.8,86.85000000000002,400,6,20.42251006011409,1.2383402477099226,0.8261642721086193,20.893707797976976,1.094666666666667,19.0868219835356,22.615386759893028,0.923871345637593,1.7216789619160515,92.3871345637593
arch_baseline_pin__stress_light_0p80sun_temp_360k__Stress_matrix_jv_003_updated,0.8,86.85000000000002,500,7,20.37636092186568,1.233315473361689,0.8196333787533778,20.59778122855477,1.094666666666667,18.816487115001305,22.615386759893028,0.9107861584345592,2.017605531338262,91.07861584345594
arch_baseline_pin__stress_light_0p80sun_temp_360k__Stress_matrix_jv_003_updated,0.8,86.85000000000002,600,8,20.330827632979474,1.2292209917837496,0.8126938344206247,20.31009671830462,1.094666666666667,18.553681533165,22.615386759893028,0.8980654159902897,2.305290041588407,89.80654159902896
arch_baseline_pin__stress_light_0p80sun_temp_360k__Stress_matrix_jv_003_updated,0.8,86.85000000000002,800,9,20.241554772082345,1.222813827577645,0.7983354411868905,19.760121871326387,1.0733333333333337,18.410051432912777,22.615386759893028,0.873746802613596,2.8552648885666407,87.3746802613596
arch_baseline_pin__stress_light_0p80sun_temp_360k__Stress_matrix_jv_003_updated,0.8,86.85000000000002,1000,10,20.154587813328657,1.2165864063757668,0.7876879673550796,19.313949499838746,1.0733333333333337,17.99436288804851,22.615386759893028,0.8540180941804993,3.3014372600542856,85.40180941804994
arch_baseline_pin__stress_light_1p00sun_temp_360k__Stress_matrix_jv_003_updated,1.0,86.85000000000002,0,1,20.60913395604252,1.2721703002553606,0.8625792859594582,22.615386759894506,1.1373333333333333,19.884572180446515,22.615386759894506,1.0,0.0,100.0
arch_baseline_pin__stress_light_1p00sun_temp_360k__Stress_matrix_jv_003_updated,1.0,86.85000000000002,50,2,20.584275726341232,1.2658081070402645,0.8569775632985288,22.329187224875948,1.1373333333333333,19.63293132316174,22.615386759894506,0.9873449197196092,0.2861995350185538,98.73449197196092
arch_baseline_pin__stress_light_1p00sun_temp_360k__Stress_matrix_jv_003_updated,1.0,86.85000000000002,100,3,20.55419948366004,1.2584147946149902,0.8500912167513187,21.988211799369896,1.1373333333333333,19.33312878021972,22.615386759894506,0.9722677764840696,0.6271749605246058,97.22677764840697
arch_baseline_pin__stress_light_1p00sun_temp_360k__Stress_matrix_jv_003_updated,1.0,86.85000000000002,200,4,20.494820912626995,1.2480685913217513,0.8397713600081981,21.480463134133757,1.116,19.247726822700493,22.615386759894506,0.949816307020962,1.134923625760749,94.98163070209618
arch_baseline_pin__stress_light_1p00sun_temp_360k__Stress_matrix_jv_003_updated,1.0,86.85000000000002,300,5,20.436449373873508,1.240220330007932,0.8288750648690949,21.00841872059194,1.116,18.82474795751966,22.615386759894506,0.9289435968368088,1.6069680393025614,92.89435968368088
arch_baseline_pin__stress_light_1p00sun_temp_360k__Stress_matrix_jv_003_updated,1.0,86.85000000000002,400,6,20.379057488247128,1.2337210011256994,0.8203223727229251,20.62460350720149,1.094666666666667,18.84098980560428,22.615386759894506,0.9119721774458702,1.99078325269301,91.19721774458702
arch_baseline_pin__stress_light_1p00sun_temp_360k__Stress_matrix_jv_003_updated,1.0,86.85000000000002,500,7,20.32261840709756,1.2286995694164935,0.8117911561322634,20.27074378546206,1.094666666666667,18.517731838120024,22.615386759894506,0.896325320485327,2.344642974432442,89.6325320485327
arch_baseline_pin__stress_light_1p00sun_temp_360k__Stress_matrix_jv_003_updated,1.0,86.85000000000002,600,8,20.267106081172525,1.224629443763752,0.8029450933175561,19.92885219494716,1.094666666666667,18.205406999038207,22.615386759894506,0.8812076665559588,2.6865345649473404,88.12076665559589
arch_baseline_pin__stress_light_1p00sun_temp_360k__Stress_matrix_jv_003_updated,1.0,86.85000000000002,800,9,20.15876240954105,1.217061453096839,0.7886055481590446,19.348005497230464,1.0733333333333337,18.02609207816502,22.615386759894506,0.8555239714733368,3.2673812626640384,85.55239714733368
arch_baseline_pin__stress_light_1p00sun_temp_360k__Stress_matrix_jv_003_updated,1.0,86.85000000000002,1000,10,20.05383760783304,1.2110407810295358,0.7751983259009042,18.82647829423877,1.0733333333333337,17.54019716854543,22.615386759894506,0.8324632469971781,3.7889084656557337,83.24632469971782
arch_baseline_pin__stress_light_0p01sun_temp_380k__Stress_matrix_jv_003_updated,0.01,106.85000000000002,0,1,20.60913395742902,1.272170302288654,0.8625792876858447,22.61538684282482,1.1373333333333333,19.88457225336297,22.61538684282482,1.0,0.0,100.0
arch_baseline_pin__stress_light_0p01sun_temp_380k__Stress_matrix_jv_003_updated,0.01,106.85000000000002,50,2,20.60619634527329,1.270941550032343,0.8611619517623166,22.55320383580144,1.1373333333333333,19.829897862662463,22.61538684282482,0.9972504115248816,0.0621830070233784,99.72504115248816
arch_baseline_pin__stress_light_0p01sun_temp_380k__Stress_matrix_jv_003_updated,0.01,106.85000000000002,100,3,20.60261724684466,1.2695068536617684,0.8594008436550015,22.477769834141736,1.1373333333333333,19.76357253881161,22.61538684282482,0.993914894773213,0.1376170086830832,99.3914894773213
arch_baseline_pin__stress_light_0p01sun_temp_380k__Stress_matrix_jv_003_updated,0.01,106.85000000000002,200,4,20.59546524486272,1.2668279297197225,0.855740068334695,22.32703761784493,1.1373333333333333,19.63104128180973,22.61538684282482,0.987249865457359,0.2883492249798891,98.7249865457359
arch_baseline_pin__stress_light_0p01sun_temp_380k__Stress_matrix_jv_003_updated,0.01,106.85000000000002,300,5,20.588321203542417,1.264126041898204,0.8520824794942069,22.17649714002655,1.1373333333333333,19.49867861080881,22.61538684282482,0.9805933143727094,0.4388897027982672,98.05933143727094
arch_baseline_pin__stress_light_0p01sun_temp_380k__Stress_matrix_jv_003_updated,0.01,106.85000000000002,400,6,20.581185640213786,1.261326395609628,0.8484791474188877,22.02617308223812,1.1373333333333333,19.36650622705579,22.61538684282482,0.973946332880278,0.589213760586702,97.3946332880278
arch_baseline_pin__stress_light_0p01sun_temp_380k__Stress_matrix_jv_003_updated,0.01,106.85000000000002,500,7,20.574058424742127,1.2587833506516133,0.8461486302954127,21.913796010871632,1.116,19.63601793088856,22.61538684282482,0.968977279193622,0.7015908319531867,96.8977279193622
arch_baseline_pin__stress_light_0p01sun_temp_380k__Stress_matrix_jv_003_updated,0.01,106.85000000000002,600,8,20.56693955296801,1.2564568391761135,0.8438873147213342,21.807290298279696,1.116,19.540582704551696,22.61538684282482,0.964267843386393,0.8080965445451227,96.42678433863932
arch_baseline_pin__stress_light_0p01sun_temp_380k__Stress_matrix_jv_003_updated,0.01,106.85000000000002,800,9,20.552726856173884,1.2523293841395242,0.8389864724692024,21.59449139763501,1.116,19.34990268605288,22.61538684282482,0.954858369114579,1.0208954451898045,95.4858369114579
arch_baseline_pin__stress_light_0p01sun_temp_380k__Stress_matrix_jv_003_updated,0.01,106.85000000000002,1000,10,20.5385475518858,1.248753422266402,0.8336859340348337,21.38202797507632,1.116,19.15952327515799,22.61538684282482,0.9454637289063306,1.2333588677484997,94.54637289063304
arch_baseline_pin__stress_light_0p20sun_temp_380k__Stress_matrix_jv_003_updated,0.2,106.85000000000002,0,1,20.60913395673577,1.272170298285679,0.8625792904592278,22.61538684361662,1.1373333333333333,19.88457225405916,22.61538684361662,1.0,0.0,100.0
arch_baseline_pin__stress_light_0p20sun_temp_380k__Stress_matrix_jv_003_updated,0.2,106.85000000000002,50,2,20.59235241030668,1.2674312052638637,0.8582193636142216,22.39900190622512,1.1373333333333333,19.694315861276483,22.61538684361662,0.9904319594934288,0.2163849373914992,99.04319594934287
arch_baseline_pin__stress_light_0p20sun_temp_380k__Stress_matrix_jv_003_updated,0.2,106.85000000000002,100,3,20.571990426080163,1.2619262005983516,0.852801191781065,22.139003533001777,1.1373333333333333,19.465712367821023,22.61538684361662,0.9789354339189956,0.4763833106148425,97.89354339189956
arch_baseline_pin__stress_light_0p20sun_temp_380k__Stress_matrix_jv_003_updated,0.2,106.85000000000002,200,4,20.53159958397888,1.2529075000873386,0.8440749717674588,21.713149259151965,1.116,19.456226934723983,22.61538684361662,0.9601051447537224,0.902237584464654,96.01051447537225
arch_baseline_pin__stress_light_0p20sun_temp_380k__Stress_matrix_jv_003_updated,0.2,106.85000000000002,300,5,20.491646267725297,1.246361548531726,0.8358280909717763,21.34704942186021,1.116,19.12818048553782,22.61538684361662,0.9439170583051772,1.2683374217564136,94.39170583051772
arch_baseline_pin__stress_light_0p20sun_temp_380k__Stress_matrix_jv_003_updated,0.2,106.85000000000002,400,6,20.45212251116488,1.2405711679320388,0.8275145042586142,20.995957436423797,1.094666666666667,19.18022908321296,22.61538684361662,0.9283925842882532,1.6194294071928257,92.83925842882532
arch_baseline_pin__stress_light_0p20sun_temp_380k__Stress_matrix_jv_003_updated,0.2,106.85000000000002,500,7,20.413020751283984,1.2354913966667922,0.8215357074219836,20.71922215735923,1.094666666666667,18.92742584411622,22.61538684361662,0.9161559915216486,1.896164686257389,91.61559915216486
arch_baseline_pin__stress_light_0p20sun_temp_380k__Stress_matrix_jv_003_updated,0.2,106.85000000000002,600,8,20.374333282146885,1.2313231419259645,0.8150831934072233,20.44830838366219,1.094666666666667,18.679940667170086,22.61538684361662,0.9041768122323274,2.1670784599544284,90.41768122323272
arch_baseline_pin__stress_light_0p20sun_temp_380k__Stress_matrix_jv_003_updated,0.2,106.85000000000002,800,9,20.29817255213753,1.2247469886929414,0.8018488767719979,19.93406387633281,1.0733333333333337,18.572109201552305,22.61538684361662,0.881438111767669,2.681322967283805,88.14381117676689
arch_baseline_pin__stress_light_0p20sun_temp_380k__Stress_matrix_jv_003_updated,0.2,106.85000000000002,1000,10,20.22358416523997,1.218852155014252,0.7916242555131627,19.51318890444601,1.0733333333333337,18.179989662527333,22.61538684361662,0.8628279957967542,3.1021979391706083,86.28279957967541
arch_baseline_pin__stress_light_0p40sun_temp_380k__Stress_matrix_jv_003_updated,0.4,106.85000000000002,0,1,20.60913395742902,1.2721702981683016,0.8625792905099324,22.61538684362013,1.1373333333333333,19.884572254062245,22.61538684362013,1.0,0.0,100.0
arch_baseline_pin__stress_light_0p40sun_temp_380k__Stress_matrix_jv_003_updated,0.4,106.85000000000002,50,2,20.577841252407463,1.263897128129284,0.8550618844603899,22.23868417305623,1.1373333333333333,19.55335654137418,22.61538684362013,0.9833430808339164,0.376702670563894,98.33430808339163
arch_baseline_pin__stress_light_0p40sun_temp_380k__Stress_matrix_jv_003_updated,0.4,106.85000000000002,100,3,20.54004829661178,1.2551328331575269,0.8467127193744745,21.828667957916164,1.116,19.559738313544948,22.61538684362013,0.9652131139235456,0.7867188857039622,96.52131139235456
arch_baseline_pin__stress_light_0p40sun_temp_380k__Stress_matrix_jv_003_updated,0.4,106.85000000000002,200,4,20.465649797651903,1.2436385369329297,0.8325635010534927,21.19029863807552,1.116,18.98772279397448,22.61538684362013,0.9369859018818144,1.425088205544604,93.69859018818144
arch_baseline_pin__stress_light_0p40sun_temp_380k__Stress_matrix_jv_003_updated,0.4,106.85000000000002,300,5,20.39278881537696,1.2343578486478837,0.8206686231399551,20.657869703628627,1.094666666666667,18.87137914460593,22.61538684362013,0.9134431281884652,1.9575171399914983,91.34431281884652
arch_baseline_pin__stress_light_0p40sun_temp_380k__Stress_matrix_jv_003_updated,0.4,106.85000000000002,400,6,20.32141300872906,1.227786091040488,0.809239137060332,20.19079828104003,1.094666666666667,18.444700013130355,22.61538684362013,0.8927903122177157,2.4245885625800945,89.27903122177156
arch_baseline_pin__stress_light_0p40sun_temp_380k__Stress_matrix_jv_003_updated,0.4,106.85000000000002,500,7,20.25147255971928,1.2227308380909034,0.7980402029079863,19.76115132081382,1.0733333333333337,18.411010547342062,22.61538684362013,0.8737923192496044,2.854235522806306,87.37923192496044
arch_baseline_pin__stress_light_0p40sun_temp_380k__Stress_matrix_jv_003_updated,0.4,106.85000000000002,600,8,20.18292070674773,1.2175365161684488,0.7893538059009684,19.397140727248328,1.0733333333333337,18.07187024277794,22.61538684362013,0.8576966143172706,3.218246116371798,85.76966143172706
arch_baseline_pin__stress_light_0p40sun_temp_380k__Stress_matrix_jv_003_updated,0.4,106.85000000000002,800,9,20.04980158134275,1.209666028771207,0.7713884208591192,18.70891832351265,1.0733333333333337,17.430669245508675,22.61538684362013,0.8272650144293463,3.906468520107474,82.72650144293463
arch_baseline_pin__stress_light_0p40sun_temp_380k__Stress_matrix_jv_003_updated,0.4,106.85000000000002,1000,10,19.921714480089832,1.2038046558317417,0.7563326472938033,18.138258096703947,1.052,17.241690205992345,22.61538684362013,0.8020317415804368,4.477128746916179,80.20317415804368
arch_baseline_pin__stress_light_0p60sun_temp_380k__Stress_matrix_jv_003_updated,0.6,106.85000000000002,0,1,20.60913395673577,1.2721702980641427,0.8625792906097054,22.61538684362364,1.1373333333333333,19.884572254065333,22.61538684362364,1.0,0.0,100.0
arch_baseline_pin__stress_light_0p60sun_temp_380k__Stress_matrix_jv_003_updated,0.6,106.85000000000002,50,2,20.56339164518872,1.260353779907704,0.8519595725393485,22.080362661854515,1.1373333333333333,19.41415239905145,22.61538684362364,0.9763424704839848,0.5350241817691241,97.63424704839848
arch_baseline_pin__stress_light_0p60sun_temp_380k__Stress_matrix_jv_003_updated,0.6,106.85000000000002,100,3,20.50840461301472,1.249864490925804,0.841699867027232,21.57506264765135,1.116,19.33249341187397,22.61538684362364,0.9539992747784632,1.040324195972289,95.39992747784632
arch_baseline_pin__stress_light_0p60sun_temp_380k__Stress_matrix_jv_003_updated,0.6,106.85000000000002,200,4,20.40096745744123,1.2356610771102932,0.8227393846735447,20.740175042023388,1.094666666666667,18.94656672535632,22.61538684362364,0.9170824795274743,1.8752118016002512,91.70824795274744
arch_baseline_pin__stress_light_0p60sun_temp_380k__Stress_matrix_jv_003_updated,0.6,106.85000000000002,300,5,20.29677204031581,1.226343724391466,0.8065095279497247,20.07468269571937,1.094666666666667,18.33862609231367,22.61538684362364,0.8876559501072335,2.540704147904268,88.76559501072336
arch_baseline_pin__stress_light_0p60sun_temp_380k__Stress_matrix_jv_003_updated,0.6,106.85000000000002,400,6,20.195657977512223,1.2190568738784102,0.7921624670411265,19.502767181158912,1.0733333333333337,18.170279982446186,22.61538684362364,0.8623671713428009,3.112619662464727,86.2367171342801
arch_baseline_pin__stress_light_0p60sun_temp_380k__Stress_matrix_jv_003_updated,0.6,106.85000000000002,500,7,20.09747658158788,1.212861245611868,0.7795080145506957,19.000859007755427,1.0733333333333337,17.70266367182182,22.61538684362364,0.84017395497759,3.6145278358682127,84.017395497759
arch_baseline_pin__stress_light_0p60sun_temp_380k__Stress_matrix_jv_003_updated,0.6,106.85000000000002,600,8,20.00208886045043,1.2079908312782064,0.7667992057693637,18.52766308306366,1.052,17.61184703713276,22.61538684362364,0.8192503277160389,4.087723760559978,81.9250327716039
arch_baseline_pin__stress_light_0p60sun_temp_380k__Stress_matrix_jv_003_updated,0.6,106.85000000000002,800,9,19.8191810061092,1.2003462317868725,0.7462390018724969,17.752935737072015,1.052,16.875414198737655,22.61538684362364,0.7849936797378912,4.8624511065516245,78.49936797378912
arch_baseline_pin__stress_light_0p60sun_temp_380k__Stress_matrix_jv_003_updated,0.6,106.85000000000002,1000,10,19.64598872596412,1.19314923906548,0.7279398311865445,17.063343858447173,1.0306666666666666,16.55563763756194,22.61538684362364,0.754501524843832,5.552042985176467,75.45015248438321
arch_baseline_pin__stress_light_0p80sun_temp_380k__Stress_matrix_jv_003_updated,0.8,106.85000000000002,0,1,20.60913395742902,1.272170298065303,0.8625792848164118,22.61538669251452,1.1373333333333333,19.884572121202684,22.61538669251452,1.0,0.0,100.0
arch_baseline_pin__stress_light_0p80sun_temp_380k__Stress_matrix_jv_003_updated,0.8,106.85000000000002,50,2,20.54900451813313,1.2572573317924685,0.8486314055725758,21.9247204366211,1.116,19.645806842850448,22.61538669251452,0.9694603384287024,0.6906662558934187,96.94603384287024
arch_baseline_pin__stress_light_0p80sun_temp_380k__Stress_matrix_jv_003_updated,0.8,106.85000000000002,100,3,20.477056452187817,1.24559711004601,0.8361550472023861,21.32710637459699,1.116,19.11031037150268,22.61538669251452,0.9430352292696398,1.288280317917529,94.30352292696398
arch_baseline_pin__stress_light_0p80sun_temp_380k__Stress_matrix_jv_003_updated,0.8,106.85000000000002,200,4,20.33751414262112,1.22979897829788,0.8136998485223079,20.35149094371244,1.094666666666667,18.59149598999309,22.61538669251452,0.8998957754035923,2.263895748802081,89.98957754035924
arch_baseline_pin__stress_light_0p80sun_temp_380k__Stress_matrix_jv_003_updated,0.8,106.85000000000002,300,5,20.20346047145861,1.2199487458809384,0.793709190188109,19.562698250499917,1.0733333333333337,18.22611638245333,22.61538669251452,0.865017190131663,3.052688442014606,86.5017190131663
arch_baseline_pin__stress_light_0p80sun_temp_380k__Stress_matrix_jv_003_updated,0.8,106.85000000000002,400,6,20.07454739266729,1.2119427924719433,0.7773194423629495,18.911562528278903,1.0733333333333337,17.61946819404866,22.61538669251452,0.8362254771676512,3.703824164235616,83.62254771676511
arch_baseline_pin__stress_light_0p80sun_temp_380k__Stress_matrix_jv_003_updated,0.8,106.85000000000002,500,7,19.95045676554403,1.2060401907142215,0.7616983844410972,18.327264956100063,1.052,17.421354521007668,22.61538669251452,0.8103891923354208,4.288121736414453,81.03891923354209
arch_baseline_pin__stress_light_0p80sun_temp_380k__Stress_matrix_jv_003_updated,0.8,106.85000000000002,600,8,19.830893700791624,1.2013773455599392,0.7482949086734164,17.827667071083404,1.052,16.946451588482322,22.61538669251452,0.7882981314214802,4.787719621431116,78.82981314214803
arch_baseline_pin__stress_light_0p80sun_temp_380k__Stress_matrix_jv_003_updated,0.8,106.85000000000002,800,9,19.60429721739804,1.1921319277547175,0.7247441718274937,16.93792982284289,1.0306666666666666,16.43395519680746,22.61538669251452,0.7489560118133723,5.67745686967163,74.89560118133724
arch_baseline_pin__stress_light_0p80sun_temp_380k__Stress_matrix_jv_003_updated,0.8,106.85000000000002,1000,10,19.392854924102487,1.1853949654366835,0.7050927177439736,16.20880719105014,1.0306666666666666,15.72652702883261,22.61538669251452,0.7167158984027058,6.406579501464378,71.67158984027057
arch_baseline_pin__stress_light_1p00sun_temp_380k__Stress_matrix_jv_003_updated,1.0,106.85000000000002,0,1,20.60913395673577,1.2721702980653111,0.8625792905791105,22.615386842842263,1.1373333333333333,19.884572253378312,22.615386842842263,1.0,0.0,100.0
arch_baseline_pin__stress_light_1p00sun_temp_380k__Stress_matrix_jv_003_updated,1.0,106.85000000000002,50,2,20.53469529631065,1.254518853714857,0.846590032434429,21.809143315583988,1.116,19.542243114322567,22.615386842842263,0.9643497795168844,0.8062435272582782,96.43497795168844
arch_baseline_pin__stress_light_1p00sun_temp_380k__Stress_matrix_jv_003_updated,1.0,106.85000000000002,100,3,20.446013919600404,1.241510356946392,0.8306304399494522,21.084671621361306,1.116,18.893074929535217,22.615386842842263,0.9323153200023448,1.5307152214809605,93.23153200023448
arch_baseline_pin__stress_light_1p00sun_temp_380k__Stress_matrix_jv_003_updated,1.0,106.85000000000002,200,4,20.27526645991474,1.225203119811225,0.8042289165220464,19.97810764475364,1.094666666666667,18.25040284234498,22.615386842842263,0.8833856251756613,2.637279198088624,88.33856251756613
arch_baseline_pin__stress_light_1p00sun_temp_380k__Stress_matrix_jv_003_updated,1.0,106.85000000000002,300,5,20.112752948058244,1.214273475129793,0.782755862193536,19.116763005377397,1.0733333333333337,17.810648762773962,22.615386842842263,0.845298961199411,3.498623837464873,84.5298961199411
arch_baseline_pin__stress_light_1p00sun_temp_380k__Stress_matrix_jv_003_updated,1.0,106.85000000000002,400,6,19.957832929482105,1.2065723860151236,0.7629283417054165,18.371749411742957,1.052,17.463640125230945,22.615386842842263,0.8123561864942224,4.243637431099312,81.23561864942224
arch_baseline_pin__stress_light_1p00sun_temp_380k__Stress_matrix_jv_003_updated,1.0,106.85000000000002,500,7,19.809934665032635,1.2007145982699663,0.7465701678423144,17.757976052960785,1.052,16.880205373536867,22.615386842842263,0.7852165508537899,4.857410789881481,78.521655085379
arch_baseline_pin__stress_light_1p00sun_temp_380k__Stress_matrix_jv_003_updated,1.0,106.85000000000002,600,8,19.668543029680123,1.1947959081821722,0.7315729125897517,17.191886434471193,1.052,16.342097371170336,22.615386842842263,0.760185379712503,5.423500408371073,76.0185379712503
arch_baseline_pin__stress_light_1p00sun_temp_380k__Stress_matrix_jv_003_updated,1.0,106.85000000000002,800,9,19.403473246150146,1.186019872111886,0.7066486354863991,16.262037816431306,1.0306666666666666,15.778173819305923,22.615386842842263,0.719069628542667,6.35334902641096,71.9069628542667
arch_baseline_pin__stress_light_1p00sun_temp_380k__Stress_matrix_jv_003_updated,1.0,106.85000000000002,1000,10,19.159424651856902,1.17941312244443,0.6849176003182454,15.476998668765129,1.0093333333333334,15.333882432726348,22.615386842842263,0.6843570165886229,7.1383881740771375,68.43570165886229
arch_baseline_pin__stress_light_0p01sun_temp_400k__Stress_matrix_jv_003_updated,0.01,126.85000000000002,0,1,20.60913397129403,1.2721703024311324,0.862579282129523,22.61538671489493,1.1373333333333333,19.884572140880657,22.61538671489493,1.0,0.0,100.0
arch_baseline_pin__stress_light_0p01sun_temp_400k__Stress_matrix_jv_003_updated,0.01,126.85000000000002,50,2,20.60119744168216,1.2689617952408767,0.858623826318751,22.446257826445464,1.1373333333333333,19.735865615280304,22.61538671489493,0.9925215124294968,0.1691288884494675,99.25215124294968
arch_baseline_pin__stress_light_0p01sun_temp_400k__Stress_matrix_jv_003_updated,0.01,126.85000000000002,100,3,20.591534966546448,1.2654604380753758,0.8535296902901935,22.24108279834467,1.1373333333333333,19.55546553195604,22.61538671489493,0.9834491480836036,0.3743039165502608,98.34491480836036
arch_baseline_pin__stress_light_0p01sun_temp_400k__Stress_matrix_jv_003_updated,0.01,126.85000000000002,200,4,20.57224992124269,1.2581993218106808,0.8454171827668274,21.882770664617933,1.116,19.60821744141392,22.61538671489493,0.9676054157502209,0.7326160502769987,96.76054157502207
arch_baseline_pin__stress_light_0p01sun_temp_400k__Stress_matrix_jv_003_updated,0.01,126.85000000000002,300,5,20.5530179650346,1.2524442158111728,0.8387857306413808,21.591609987950346,1.116,19.34732077773328,22.61538671489493,0.9547309652560436,1.0237767269445897,95.47309652560436
arch_baseline_pin__stress_light_0p01sun_temp_400k__Stress_matrix_jv_003_updated,0.01,126.85000000000002,400,6,20.5338393855368,1.247703540785,0.8313807928968577,21.30009572201289,1.116,19.08610727778933,22.61538671489493,0.9418408798636302,1.315290992882037,94.18408798636302
arch_baseline_pin__stress_light_0p01sun_temp_400k__Stress_matrix_jv_003_updated,0.01,126.85000000000002,500,7,20.51471393708898,1.2435972552604104,0.8261782546789794,21.07749428710005,1.094666666666667,19.25471463498786,22.61538671489493,0.931997960186018,1.537892427794883,93.19979601860182
arch_baseline_pin__stress_light_0p01sun_temp_400k__Stress_matrix_jv_003_updated,0.01,126.85000000000002,600,8,20.49564177301177,1.2393238642395394,0.8212605709781738,20.86062456210193,1.094666666666667,19.056599782675328,22.61538671489493,0.9224084834402906,1.7547621527930026,92.24084834402906
arch_baseline_pin__stress_light_0p01sun_temp_400k__Stress_matrix_jv_003_updated,0.01,126.85000000000002,800,9,20.457657122018173,1.2324019186274444,0.8112123879556228,20.45233206201091,1.0733333333333337,19.05496775963749,22.61538671489493,0.9043547351122944,2.1630546528840213,90.43547351122945
arch_baseline_pin__stress_light_0p01sun_temp_400k__Stress_matrix_jv_003_updated,0.01,126.85000000000002,1000,10,20.419885212742926,1.2268949429555889,0.80297166819189,20.116892485992317,1.0733333333333337,18.74244641552078,22.61538671489493,0.88952237428436,2.498494228902618,88.95223742843599
arch_baseline_pin__stress_light_0p20sun_temp_400k__Stress_matrix_jv_003_updated,0.2,126.85000000000002,0,1,20.60913397129403,1.2721703023296165,0.8625792821685846,22.61538671411441,1.1373333333333333,19.884572140194383,22.61538671411441,1.0,0.0,100.0
arch_baseline_pin__stress_light_0p20sun_temp_400k__Stress_matrix_jv_003_updated,0.2,126.85000000000002,50,2,20.56396580100284,1.25987396789948,0.8505197510456731,22.035270123828383,1.1373333333333333,19.37450479820784,22.61538671411441,0.9743485885242912,0.5801165902860284,97.43485885242912
arch_baseline_pin__stress_light_0p20sun_temp_400k__Stress_matrix_jv_003_updated,0.2,126.85000000000002,100,3,20.50961148008217,1.249106996861706,0.8395724149361764,21.508753157122424,1.116,19.273076305665253,22.61538671411441,0.9510672282114314,1.1066335569919872,95.10672282114314
arch_baseline_pin__stress_light_0p20sun_temp_400k__Stress_matrix_jv_003_updated,0.2,126.85000000000002,200,4,20.403225937264125,1.234399967494332,0.8197771707462282,20.64669585569608,1.094666666666667,18.861171609953782,22.61538671411441,0.9129490517537928,1.9686908584183345,91.29490517537928
arch_baseline_pin__stress_light_0p20sun_temp_400k__Stress_matrix_jv_003_updated,0.2,126.85000000000002,300,5,20.29981750789003,1.2249061992982235,0.8018916137454576,19.93933352807728,1.0733333333333337,18.577018814978825,22.61538671411441,0.8816711286052433,2.6760531860371337,88.16711286052433
arch_baseline_pin__stress_light_0p20sun_temp_400k__Stress_matrix_jv_003_updated,0.2,126.85000000000002,400,6,20.199248447378125,1.217087260866486,0.7879336135061469,19.370755333905908,1.0733333333333337,18.0472875781732,22.61538671411441,0.8565299182709307,3.244631380208503,85.65299182709308
arch_baseline_pin__stress_light_0p20sun_temp_400k__Stress_matrix_jv_003_updated,0.2,126.85000000000002,500,7,20.10138923890688,1.2108178039039224,0.7738842149501519,18.83566075340207,1.052,17.90462048802478,22.61538671411441,0.8328692757505053,3.779725960712341,83.28692757505053
arch_baseline_pin__stress_light_0p20sun_temp_400k__Stress_matrix_jv_003_updated,0.2,126.85000000000002,600,8,20.00611819478969,1.205838205190402,0.7623228021309496,18.390383266840324,1.052,17.481352915247456,22.61538671411441,0.8131801370154226,4.225003447274087,81.31801370154226
arch_baseline_pin__stress_light_0p20sun_temp_400k__Stress_matrix_jv_003_updated,0.2,126.85000000000002,800,9,19.82289221165427,1.1972767817303869,0.7403123727271094,17.570195252455978,1.0306666666666666,17.047408071593768,22.61538671411441,0.7769133234184452,5.045191461658433,77.69133234184451
arch_baseline_pin__stress_light_0p20sun_temp_400k__Stress_matrix_jv_003_updated,0.2,126.85000000000002,1000,10,19.648739552898856,1.1900018629770246,0.7225796113746521,16.895382972396455,1.0306666666666666,16.39267429404572,22.61538671411441,0.7470746879535752,5.720003741717957,74.70746879535753
arch_baseline_pin__stress_light_0p40sun_temp_400k__Stress_matrix_jv_003_updated,0.4,126.85000000000002,0,1,20.60913397129403,1.272170300757761,0.8625792832647537,22.61538671491124,1.1373333333333333,19.884572140894992,22.61538671491124,1.0,0.0,100.0
arch_baseline_pin__stress_light_0p40sun_temp_400k__Stress_matrix_jv_003_updated,0.4,126.85000000000002,50,2,20.525207586193684,1.2523956091190618,0.84412726786383,21.69886530644578,1.116,19.44342769394783,22.61538671491124,0.9594735469254144,0.91652140846546,95.94735469254144
arch_baseline_pin__stress_light_0p40sun_temp_400k__Stress_matrix_jv_003_updated,0.4,126.85000000000002,100,3,20.42546651550009,1.238116330541686,0.825399591081734,20.873615812997063,1.094666666666667,19.068467551458948,22.61538671491124,0.922982926453088,1.7417709019141725,92.2982926453088
arch_baseline_pin__stress_light_0p40sun_temp_400k__Stress_matrix_jv_003_updated,0.4,126.85000000000002,200,4,20.23407432465558,1.2213584748471795,0.7957548792559326,19.665536609852577,1.0733333333333337,18.321928518496183,22.61538671491124,0.8695644632460029,2.949850105058662,86.9564463246003
arch_baseline_pin__stress_light_0p40sun_temp_400k__Stress_matrix_jv_003_updated,0.4,126.85000000000002,300,5,20.052680599794243,1.2098595633568925,0.771538696477901,18.71824429737645,1.0733333333333337,17.439358041033955,22.61538671491124,0.8276773920931786,3.897142417534788,82.76773920931785
arch_baseline_pin__stress_light_0p40sun_temp_400k__Stress_matrix_jv_003_updated,0.4,126.85000000000002,400,6,19.8804383317602,1.2021958905901815,0.7512950419057789,17.95608768547486,1.052,17.068524415850625,22.61538671491124,0.793976592654756,4.659299029436379,79.3976592654756
arch_baseline_pin__stress_light_0p40sun_temp_400k__Stress_matrix_jv_003_updated,0.4,126.85000000000002,500,7,19.7165985367918,1.1950301493012705,0.7331508985936009,17.274449927121548,1.0306666666666666,16.760462413119225,22.61538671491124,0.7638361503556251,5.3409367877896905,76.38361503556251
arch_baseline_pin__stress_light_0p40sun_temp_400k__Stress_matrix_jv_003_updated,0.4,126.85000000000002,600,8,19.5604917834306,1.189256907520812,0.7181299781381446,16.70546268692285,1.0306666666666666,16.208404935565508,22.61538671491124,0.7386768529546418,5.909924027988389,73.86768529546418
arch_baseline_pin__stress_light_0p40sun_temp_400k__Stress_matrix_jv_003_updated,0.4,126.85000000000002,800,9,19.26915981470836,1.180519358178766,0.6909844075286798,15.718248086825731,1.0093333333333334,15.572901010725625,22.61538671491124,0.6950245107443621,6.897138628085507,69.50245107443621
arch_baseline_pin__stress_light_0p40sun_temp_400k__Stress_matrix_jv_003_updated,0.4,126.85000000000002,1000,10,19.00237983697316,1.1722066159519664,0.669698417849741,14.917341637144764,1.0093333333333334,14.77940056520287,22.61538671491124,0.6596102832638788,7.698045077766475,65.96102832638789
arch_baseline_pin__stress_light_0p60sun_temp_400k__Stress_matrix_jv_003_updated,0.6,126.85000000000002,0,1,20.60913397060078,1.2721703007583245,0.8625792832937073,22.61538671491963,1.1373333333333333,19.88457214090237,22.61538671491963,1.0,0.0,100.0
arch_baseline_pin__stress_light_0p60sun_temp_400k__Stress_matrix_jv_003_updated,0.6,126.85000000000002,50,2,20.48691080834271,1.2467580694810814,0.8375991338959352,21.394142496486538,1.116,19.170378581081124,22.61538671491963,0.9459994103206104,1.2212442184330925,94.59994103206104
arch_baseline_pin__stress_light_0p60sun_temp_400k__Stress_matrix_jv_003_updated,0.6,126.85000000000002,100,3,20.34340301499786,1.2300921270954075,0.8139356933062064,20.3681383206634,1.094666666666667,18.606703703407486,22.61538671491963,0.9006318829483603,2.247248394256232,90.06318829483602
arch_baseline_pin__stress_light_0p60sun_temp_400k__Stress_matrix_jv_003_updated,0.6,126.85000000000002,200,4,20.09665439104796,1.2128550626242762,0.779225016989247,18.99308694470547,1.0733333333333337,17.695422619290806,22.61538671491963,0.8398302971390498,3.622299770214159,83.98302971390498
arch_baseline_pin__stress_light_0p60sun_temp_400k__Stress_matrix_jv_003_updated,0.6,126.85000000000002,300,5,19.8448537089318,1.2015472129206866,0.7488382608608791,17.855695376385544,1.052,16.973094464244813,22.61538671491963,0.7895374773585426,4.759691338534086,78.95374773585426
arch_baseline_pin__stress_light_0p60sun_temp_400k__Stress_matrix_jv_003_updated,0.6,126.85000000000002,400,6,19.61097938838928,1.1919392864462306,0.7244749650219416,16.934672421139307,1.0306666666666666,16.430794716499975,22.61538671491963,0.7488119763155459,5.680714293780323,74.88119763155458
arch_baseline_pin__stress_light_0p60sun_temp_400k__Stress_matrix_jv_003_updated,0.6,126.85000000000002,500,7,19.392991074929085,1.1849507019293892,0.7038945519337702,16.17531265529496,1.0306666666666666,15.694029096340518,22.61538671491963,0.7152348469294102,6.440074059624671,71.52348469294103
arch_baseline_pin__stress_light_0p60sun_temp_400k__Stress_matrix_jv_003_updated,0.6,126.85000000000002,600,8,19.18915758141382,1.1792898091571695,0.6859399788418652,15.522532242223049,1.0093333333333334,15.378994955967352,22.61538671491963,0.6863704095752939,7.092854472696581,68.6370409575294
arch_baseline_pin__stress_light_0p60sun_temp_400k__Stress_matrix_jv_003_updated,0.6,126.85000000000002,800,9,18.818249214428818,1.1684938895173955,0.6572307427914443,14.451852861906636,1.0093333333333334,14.318216177582531,22.61538671491963,0.6390274481741487,8.163533853012995,63.90274481741487
arch_baseline_pin__stress_light_0p60sun_temp_400k__Stress_matrix_jv_003_updated,0.6,126.85000000000002,1000,10,18.4887129281516,1.1606324162399049,0.6348262377670857,13.622482025769182,0.988,13.787937273045731,22.61538671491963,0.6023545914774154,8.992904689150448,60.23545914774154
arch_baseline_pin__stress_light_0p80sun_temp_400k__Stress_matrix_jv_003_updated,0.8,126.85000000000002,0,1,20.609133967827773,1.2721703007589529,0.862579283409664,22.615386714928047,1.1373333333333333,19.88457214090977,22.615386714928047,1.0,0.0,100.0
arch_baseline_pin__stress_light_0p80sun_temp_400k__Stress_matrix_jv_003_updated,0.8,126.85000000000002,50,2,20.44901576053094,1.2418135380521302,0.8308067431797742,21.09739395443627,1.116,18.90447486956655,22.615386714928047,0.9328778773661308,1.5179927604917758,93.28778773661308
arch_baseline_pin__stress_light_0p80sun_temp_400k__Stress_matrix_jv_003_updated,0.8,126.85000000000002,100,3,20.263291612906045,1.224259467642327,0.8016923361401603,19.8880039559758,1.094666666666667,18.16809131179275,22.615386714928047,0.879401453827365,2.727382758952245,87.9401453827365
arch_baseline_pin__stress_light_0p80sun_temp_400k__Stress_matrix_jv_003_updated,0.8,126.85000000000002,200,4,19.9493756639528,1.2060300608887802,0.7614648665566549,18.32049955288201,1.052,17.414923529355523,22.615386714928047,0.8100900410776063,4.2948871620460345,81.00900410776063
arch_baseline_pin__stress_light_0p80sun_temp_400k__Stress_matrix_jv_003_updated,0.8,126.85000000000002,300,5,19.66282475360192,1.1943309624350953,0.730073146848278,17.14497967564162,1.052,16.297509197377963,22.615386714928047,0.7581112758210983,5.470407039286428,75.81112758210983
arch_baseline_pin__stress_light_0p80sun_temp_400k__Stress_matrix_jv_003_updated,0.8,126.85000000000002,400,6,19.375030346460303,1.1849451886782842,0.7032203363614126,16.144777898722715,1.0306666666666666,15.66440287715658,22.615386714928047,0.7138846707434727,6.470608816205331,71.38846707434728
arch_baseline_pin__stress_light_0p80sun_temp_400k__Stress_matrix_jv_003_updated,0.8,126.85000000000002,500,7,19.111700520312933,1.1775107400959577,0.6807030293338191,15.318699320102745,1.0093333333333334,15.17704688253244,22.615386714928047,0.677357390045916,7.296687394825302,67.7357390045916
arch_baseline_pin__stress_light_0p80sun_temp_400k__Stress_matrix_jv_003_updated,0.8,126.85000000000002,600,8,18.86953410569804,1.1705400587770791,0.6622062192984387,14.626510039650942,1.0093333333333334,14.491258295559057,22.615386714928047,0.6467503838878078,7.988876675277105,64.67503838878078
arch_baseline_pin__stress_light_0p80sun_temp_400k__Stress_matrix_jv_003_updated,0.8,126.85000000000002,800,9,18.438343570837628,1.1602595634013044,0.6323696032457754,13.52845015955162,0.988,13.69276331938423,22.615386714928047,0.5981967202277249,9.086936555376427,59.81967202277249
arch_baseline_pin__stress_light_0p80sun_temp_400k__Stress_matrix_jv_003_updated,0.8,126.85000000000002,1000,10,18.06481115346534,1.1508791381231638,0.6098534583523028,12.679106055734865,0.9666666666666668,13.116316609380892,22.615386714928047,0.560640691912891,9.936280659193184,56.0640691912891
arch_baseline_pin__stress_light_1p00sun_temp_400k__Stress_matrix_jv_003_updated,1.0,126.85000000000002,0,1,20.60913396990753,1.2721703007578216,0.8625792775411013,22.615386563326247,1.1373333333333333,19.884572007613933,22.615386563326247,1.0,0.0,100.0
arch_baseline_pin__stress_light_1p00sun_temp_400k__Stress_matrix_jv_003_updated,1.0,126.85000000000002,50,2,20.41154107161189,1.2372167057669825,0.824856748119211,20.83051956218906,1.094666666666667,19.029098260221428,22.615386563326247,0.9210773162714108,1.7848670011371863,92.10773162714106
arch_baseline_pin__stress_light_1p00sun_temp_400k__Stress_matrix_jv_003_updated,1.0,126.85000000000002,100,3,20.185083536319887,1.2188743578435377,0.791766056034541,19.479884198543985,1.0733333333333337,18.148960433426065,22.615386563326247,0.861355349553614,3.135502364782262,86.13553495536141
arch_baseline_pin__stress_light_1p00sun_temp_400k__Stress_matrix_jv_003_updated,1.0,126.85000000000002,200,4,19.773761277454312,1.1991291134534,0.7426587715203871,17.60939960449068,1.052,16.73897300807099,22.615386563326247,0.7786468542194447,5.005986958835567,77.86468542194447
arch_baseline_pin__stress_light_1p00sun_temp_400k__Stress_matrix_jv_003_updated,1.0,126.85000000000002,300,5,19.409161789772384,1.18623468815056,0.7070532989177032,16.27906857968855,1.0306666666666666,15.794697845752149,22.615386563326247,0.719822698325535,6.336317983637699,71.9822698325535
arch_baseline_pin__stress_light_1p00sun_temp_400k__Stress_matrix_jv_003_updated,1.0,126.85000000000002,400,6,19.08305242344544,1.1770580404925486,0.6790295343703726,15.25226653527591,1.0093333333333334,15.111228403509816,22.615386563326247,0.6744198907486029,7.3631200280503375,67.44198907486029
arch_baseline_pin__stress_light_1p00sun_temp_400k__Stress_matrix_jv_003_updated,1.0,126.85000000000002,500,7,18.789091330888954,1.168876572182716,0.6567927324732373,14.424566499623571,1.0093333333333334,14.291182133048451,22.615386563326247,0.6378209127326994,8.190820063702676,63.782091273269934
arch_baseline_pin__stress_light_1p00sun_temp_400k__Stress_matrix_jv_003_updated,1.0,126.85000000000002,600,8,18.522311436215062,1.16254439732614,0.6385039633795827,13.748911836260294,0.988,13.915902668279651,22.615386563326247,0.6079450288307661,8.866474727065953,60.7945028830766
arch_baseline_pin__stress_light_1p00sun_temp_400k__Stress_matrix_jv_003_updated,1.0,126.85000000000002,800,9,18.055243910621808,1.1512097741220246,0.6097590962987144,12.67407041772773,0.9666666666666668,13.111107328683858,22.615386563326247,0.5604180314246922,9.941316145598517,56.04180314246921
arch_baseline_pin__stress_light_1p00sun_temp_400k__Stress_matrix_jv_003_updated,1.0,126.85000000000002,1000,10,17.65833850515257,1.1422153965335893,0.5880163398316768,11.860069725554617,0.9666666666666668,12.269037647125463,22.615386563326247,0.5244248066397079,10.75531683777163,52.44248066397079
